/*
 Navicat Premium Data Transfer

 Source Server         : connection1
 Source Server Type    : MySQL
 Source Server Version : 50728
 Source Host           : localhost:3306
 Source Schema         : weizhinote

 Target Server Type    : MySQL
 Target Server Version : 50728
 File Encoding         : 65001

 Date: 28/06/2023 16:59:50
*/

SET NAMES utf8mb4;
SET FOREIGN_KEY_CHECKS = 0;

-- ----------------------------
-- Table structure for favor
-- ----------------------------
DROP TABLE IF EXISTS `favor`;
CREATE TABLE `favor`  (
  `id` int(11) NOT NULL AUTO_INCREMENT,
  `userid` varchar(255) CHARACTER SET latin1 COLLATE latin1_swedish_ci NOT NULL,
  `noteid` int(11) NOT NULL,
  `time` datetime NOT NULL,
  PRIMARY KEY (`id`) USING BTREE,
  INDEX `userid`(`userid`) USING BTREE,
  INDEX `noteid`(`noteid`) USING BTREE,
  CONSTRAINT `favor_ibfk_1` FOREIGN KEY (`userid`) REFERENCES `usr` (`id`) ON DELETE RESTRICT ON UPDATE RESTRICT,
  CONSTRAINT `favor_ibfk_2` FOREIGN KEY (`noteid`) REFERENCES `note` (`id`) ON DELETE RESTRICT ON UPDATE RESTRICT
) ENGINE = InnoDB AUTO_INCREMENT = 31 CHARACTER SET = latin1 COLLATE = latin1_swedish_ci ROW_FORMAT = Dynamic;

-- ----------------------------
-- Records of favor
-- ----------------------------
INSERT INTO `favor` VALUES (1, '1', 5, '2018-01-10 03:22:55');
INSERT INTO `favor` VALUES (2, '3', 3, '2020-11-22 14:44:15');
INSERT INTO `favor` VALUES (3, '4', 1, '2020-01-13 21:57:36');
INSERT INTO `favor` VALUES (4, '1', 2, '2018-12-01 15:06:38');
INSERT INTO `favor` VALUES (5, '1', 6, '2005-01-17 06:05:11');
INSERT INTO `favor` VALUES (6, '1', 8, '2009-04-04 15:46:09');
INSERT INTO `favor` VALUES (7, '4', 5, '2018-08-16 07:47:03');
INSERT INTO `favor` VALUES (8, '4', 2, '2009-11-04 03:23:03');
INSERT INTO `favor` VALUES (9, '4', 6, '2016-11-14 01:51:58');
INSERT INTO `favor` VALUES (10, '2', 10, '2020-04-07 21:41:15');
INSERT INTO `favor` VALUES (11, '2', 3, '2014-08-13 14:53:26');
INSERT INTO `favor` VALUES (12, '5', 2, '2002-06-17 23:17:23');
INSERT INTO `favor` VALUES (13, '5', 8, '2006-05-20 09:25:08');
INSERT INTO `favor` VALUES (14, '4', 8, '2008-12-30 02:39:54');
INSERT INTO `favor` VALUES (15, '1', 6, '2007-12-07 14:28:27');
INSERT INTO `favor` VALUES (16, '3', 2, '2014-11-27 19:15:57');
INSERT INTO `favor` VALUES (17, '1', 3, '2016-10-15 05:10:42');
INSERT INTO `favor` VALUES (18, '1', 1, '2006-07-06 19:02:34');
INSERT INTO `favor` VALUES (19, '3', 10, '2006-07-30 14:02:46');
INSERT INTO `favor` VALUES (20, '1', 8, '2015-11-16 23:15:35');
INSERT INTO `favor` VALUES (21, '3', 10, '2002-11-04 21:18:47');
INSERT INTO `favor` VALUES (22, '5', 2, '2010-06-21 03:21:37');
INSERT INTO `favor` VALUES (23, '2', 3, '2007-07-25 12:18:01');
INSERT INTO `favor` VALUES (24, '3', 8, '2014-01-07 08:35:24');
INSERT INTO `favor` VALUES (25, '5', 7, '2005-03-25 06:22:45');
INSERT INTO `favor` VALUES (26, '3', 9, '2007-06-29 04:03:10');
INSERT INTO `favor` VALUES (27, '1', 5, '2016-05-02 03:51:11');
INSERT INTO `favor` VALUES (28, '2', 4, '2001-08-10 01:42:33');
INSERT INTO `favor` VALUES (29, '5', 8, '2001-05-15 20:43:16');
INSERT INTO `favor` VALUES (30, '1', 7, '2013-07-18 05:48:20');

-- ----------------------------
-- Table structure for layercontent
-- ----------------------------
DROP TABLE IF EXISTS `layercontent`;
CREATE TABLE `layercontent`  (
  `id` int(11) NOT NULL AUTO_INCREMENT,
  `noteid` int(11) NOT NULL,
  `layer` int(11) NOT NULL,
  `content` longtext CHARACTER SET latin1 COLLATE latin1_swedish_ci NOT NULL,
  `time` datetime NOT NULL,
  PRIMARY KEY (`id`) USING BTREE,
  INDEX `noteid`(`noteid`) USING BTREE,
  CONSTRAINT `layercontent_ibfk_1` FOREIGN KEY (`noteid`) REFERENCES `note` (`id`) ON DELETE RESTRICT ON UPDATE RESTRICT
) ENGINE = InnoDB AUTO_INCREMENT = 2 CHARACTER SET = latin1 COLLATE = latin1_swedish_ci ROW_FORMAT = Dynamic;

-- ----------------------------
-- Records of layercontent
-- ----------------------------

-- ----------------------------
-- Table structure for loginlog
-- ----------------------------
DROP TABLE IF EXISTS `loginlog`;
CREATE TABLE `loginlog`  (
  `id` int(11) NOT NULL AUTO_INCREMENT,
  `userid` varchar(255) CHARACTER SET latin1 COLLATE latin1_swedish_ci NOT NULL,
  `time` datetime NOT NULL,
  PRIMARY KEY (`id`) USING BTREE,
  INDEX `userid`(`userid`) USING BTREE,
  CONSTRAINT `loginlog_ibfk_1` FOREIGN KEY (`userid`) REFERENCES `usr` (`id`) ON DELETE RESTRICT ON UPDATE RESTRICT
) ENGINE = InnoDB AUTO_INCREMENT = 1 CHARACTER SET = latin1 COLLATE = latin1_swedish_ci ROW_FORMAT = Dynamic;

-- ----------------------------
-- Records of loginlog
-- ----------------------------

-- ----------------------------
-- Table structure for note
-- ----------------------------
DROP TABLE IF EXISTS `note`;
CREATE TABLE `note`  (
  `id` int(11) NOT NULL AUTO_INCREMENT,
  `notetitle` varchar(255) CHARACTER SET latin1 COLLATE latin1_swedish_ci NOT NULL,
  `permission` tinyint(1) NOT NULL,
  `userid` varchar(255) CHARACTER SET latin1 COLLATE latin1_swedish_ci NULL DEFAULT NULL,
  `time` datetime NOT NULL,
  `type` varchar(255) CHARACTER SET latin1 COLLATE latin1_swedish_ci NOT NULL,
  `starnum` mediumtext CHARACTER SET latin1 COLLATE latin1_swedish_ci NOT NULL,
  `favornum` mediumtext CHARACTER SET latin1 COLLATE latin1_swedish_ci NOT NULL,
  `remarknum` mediumtext CHARACTER SET latin1 COLLATE latin1_swedish_ci NOT NULL,
  PRIMARY KEY (`id`) USING BTREE,
  INDEX `userid`(`userid`) USING BTREE,
  CONSTRAINT `note_ibfk_1` FOREIGN KEY (`userid`) REFERENCES `usr` (`id`) ON DELETE RESTRICT ON UPDATE RESTRICT
) ENGINE = InnoDB AUTO_INCREMENT = 11 CHARACTER SET = latin1 COLLATE = latin1_swedish_ci ROW_FORMAT = Dynamic;

-- ----------------------------
-- Records of note
-- ----------------------------
INSERT INTO `note` VALUES (1, 'Mrs.', 1, '1', '2016-04-04 02:22:25', 'first', '291', '131', '418');
INSERT INTO `note` VALUES (2, 'Ms.', 1, '3', '2020-10-28 16:19:53', 'second', '779', '94', '475');
INSERT INTO `note` VALUES (3, 'Mrs.', 0, '4', '2000-07-27 05:41:04', 'third', '258', '876', '118');
INSERT INTO `note` VALUES (4, 'Ms.', 0, '5', '2000-12-03 18:19:39', 'second', '31', '631', '166');
INSERT INTO `note` VALUES (5, 'Prof.', 0, '2', '2000-01-15 09:21:54', 'second', '236', '5', '666');
INSERT INTO `note` VALUES (6, 'Mrs.', 1, '5', '2011-06-21 04:02:42', 'second', '473', '978', '171');
INSERT INTO `note` VALUES (7, 'Ms.', 0, '3', '2001-03-03 15:12:39', 'third', '500', '502', '169');
INSERT INTO `note` VALUES (8, 'Miss.', 1, '1', '2002-04-06 04:47:29', 'second', '149', '80', '158');
INSERT INTO `note` VALUES (9, 'Mr.', 1, '1', '2005-05-25 11:36:26', 'first', '733', '977', '186');
INSERT INTO `note` VALUES (10, 'Ms.', 0, '1', '2017-03-29 10:25:15', 'third', '693', '395', '125');

-- ----------------------------
-- Table structure for picture
-- ----------------------------
DROP TABLE IF EXISTS `picture`;
CREATE TABLE `picture`  (
  `id` int(11) NOT NULL AUTO_INCREMENT,
  `noteid` int(11) NOT NULL,
  `pictureurl` varchar(255) CHARACTER SET latin1 COLLATE latin1_swedish_ci NOT NULL,
  `time` datetime NOT NULL,
  PRIMARY KEY (`id`) USING BTREE,
  INDEX `noteid`(`noteid`) USING BTREE,
  CONSTRAINT `picture_ibfk_1` FOREIGN KEY (`noteid`) REFERENCES `note` (`id`) ON DELETE RESTRICT ON UPDATE RESTRICT
) ENGINE = InnoDB AUTO_INCREMENT = 21 CHARACTER SET = latin1 COLLATE = latin1_swedish_ci ROW_FORMAT = Dynamic;

-- ----------------------------
-- Records of picture
-- ----------------------------
INSERT INTO `picture` VALUES (1, 6, 'https://www.shehwy.co.jp/HealthBabyCare', '2020-04-09 16:57:12');
INSERT INTO `picture` VALUES (2, 4, 'https://video.rikgot.net/IndustrialScientificSupplies', '2018-11-15 21:03:45');
INSERT INTO `picture` VALUES (3, 5, 'https://drive.lwingsze8.xyz/SportsOutdoor', '2004-09-16 16:43:08');
INSERT INTO `picture` VALUES (4, 6, 'http://drive.ogawas8.jp/ClothingShoesandJewelry', '2019-12-13 17:07:53');
INSERT INTO `picture` VALUES (5, 8, 'https://drive.aoi1987.co.jp/ArtsHandicraftsSewing', '2018-10-09 02:05:44');
INSERT INTO `picture` VALUES (6, 8, 'https://drive.haradaren.jp/ToolsHomeDecoration', '2001-11-14 07:45:35');
INSERT INTO `picture` VALUES (7, 2, 'http://drive.kwokwan.com/CollectiblesFineArt', '2010-01-16 01:38:29');
INSERT INTO `picture` VALUES (8, 5, 'https://image.ykakeung.org/VideoGames', '2001-10-31 10:43:26');
INSERT INTO `picture` VALUES (9, 7, 'https://video.takuyatake96.com/FilmSupplies', '2012-04-25 20:14:15');
INSERT INTO `picture` VALUES (10, 4, 'https://www.tsubasaokamoto505.cn/CenturionGardenOutdoor', '2019-05-14 06:55:50');
INSERT INTO `picture` VALUES (11, 9, 'https://www.losk5.co.jp/Baby', '2012-06-11 15:39:31');
INSERT INTO `picture` VALUES (12, 4, 'https://drive.kelleapri.org/CDsVinyl', '2021-04-26 00:05:24');
INSERT INTO `picture` VALUES (13, 7, 'http://video.ming01.net/VideoGames', '2012-12-14 14:29:16');
INSERT INTO `picture` VALUES (14, 2, 'https://video.renaharada57.cn/AppsGames', '2017-02-14 22:25:30');
INSERT INTO `picture` VALUES (15, 3, 'http://drive.wallacee.cn/ToolsHomeDecoration', '2005-03-25 03:25:09');
INSERT INTO `picture` VALUES (16, 1, 'http://auth.zhaozitao.com/SportsOutdoor', '2007-03-30 12:16:27');
INSERT INTO `picture` VALUES (17, 1, 'https://drive.hevel909.com/VideoGames', '2006-01-24 14:28:54');
INSERT INTO `picture` VALUES (18, 4, 'https://video.luorui.info/IndustrialScientificSupplies', '2004-08-31 15:44:43');
INSERT INTO `picture` VALUES (19, 10, 'https://drive.connimo9.com/HouseholdKitchenAppliances', '2001-09-23 22:29:04');
INSERT INTO `picture` VALUES (20, 5, 'https://image.rodiana01.co.jp/Beauty', '2013-03-14 10:54:17');

-- ----------------------------
-- Table structure for remark
-- ----------------------------
DROP TABLE IF EXISTS `remark`;
CREATE TABLE `remark`  (
  `id` int(11) NOT NULL AUTO_INCREMENT,
  `userid` varchar(255) CHARACTER SET latin1 COLLATE latin1_swedish_ci NULL DEFAULT NULL,
  `noteid` int(11) NULL DEFAULT NULL,
  `remarkcontent` longtext CHARACTER SET latin1 COLLATE latin1_swedish_ci NOT NULL,
  `time` datetime NOT NULL,
  `favornum` mediumtext CHARACTER SET latin1 COLLATE latin1_swedish_ci NOT NULL,
  PRIMARY KEY (`id`) USING BTREE,
  INDEX `userid`(`userid`) USING BTREE,
  INDEX `noteid`(`noteid`) USING BTREE,
  CONSTRAINT `remark_ibfk_1` FOREIGN KEY (`userid`) REFERENCES `usr` (`id`) ON DELETE RESTRICT ON UPDATE RESTRICT,
  CONSTRAINT `remark_ibfk_2` FOREIGN KEY (`noteid`) REFERENCES `note` (`id`) ON DELETE RESTRICT ON UPDATE RESTRICT
) ENGINE = InnoDB AUTO_INCREMENT = 22 CHARACTER SET = latin1 COLLATE = latin1_swedish_ci ROW_FORMAT = Dynamic;

-- ----------------------------
-- Records of remark
-- ----------------------------
INSERT INTO `remark` VALUES (1, '2', 2, 'If the Show objects under schema in navigation pane option is checked at the Preferences window, all database objects are also displayed in the pane. If opportunity doesn’t knock, build a door. The Synchronize to Database function will give you a full picture of all database differences. The first step is as good as half over. Remember that failure is an event, not a person. If you wait, all that happens is you get older. You must be the change you wish to see in the world. Remember that failure is an event, not a person. You can select any connections, objects or projects, and then select the corresponding buttons on the Information Pane. With its well-designed Graphical User Interface(GUI), Navicat lets you quickly and easily create, organize, access and share information in a secure and easy way. The Navigation pane employs tree structure which allows you to take action upon the database and their objects through their pop-up menus quickly and easily. To get a secure connection, the first thing you need to do is to install OpenSSL Library and download Database Source. Actually it is just in an idea when feel oneself can achieve and cannot achieve. Instead of wondering when your next vacation is, maybe you should set up a life you don’t need to escape from. To open a query using an external editor, control-click it and select Open with External Editor. You can set the file path of an external editor in Preferences. The Main Window consists of several toolbars and panes for you to work on connections, database objects and advanced tools. The past has no power over the present moment. To start working with your server in Navicat, you should first establish a connection or several connections using the Connection window. I will greet this day with love in my heart. Navicat Cloud provides a cloud service for synchronizing connections, queries, model files and virtual group information from Navicat, other Navicat family members, different machines and different platforms. Navicat authorizes you to make connection to remote servers running on different platforms (i.e. Windows, macOS, Linux and UNIX), and supports PAM and GSSAPI authentication. A man’s best friends are his ten fingers. If the plan doesn’t work, change the plan, but never the goal. A man’s best friends are his ten fingers. The past has no power over the present moment. SSH serves to prevent such vulnerabilities and allows you to access a remote server\'s shell without compromising security. There is no way to happiness. Happiness is the way. I destroy my enemies when I make them my friends. Remember that failure is an event, not a person. In the Objects tab, you can use the List List, Detail Detail and ER Diagram ER Diagram buttons to change the object view. In the middle of winter I at last discovered that there was in me an invincible summer. Navicat Monitor is a safe, simple and agentless remote server monitoring tool that is packed with powerful features to make your monitoring effective as possible. Navicat Monitor can be installed on any local computer or virtual machine and does not require any software installation on the servers being monitored. Navicat Cloud could not connect and access your databases. By which it means, it could only store your connection settings, queries, model files, and virtual group; your database passwords and data (e.g. tables, views, etc) will not be stored to Navicat Cloud. I destroy my enemies when I make them my friends. You cannot save people, you can just love them. If you wait, all that happens is you get older. The Synchronize to Database function will give you a full picture of all database differences. I destroy my enemies when I make them my friends. Navicat allows you to transfer data from one database and/or schema to another with detailed analytical process. SQL Editor allows you to create and edit SQL text, prepare and execute selected queries. Navicat is a multi-connections Database Administration tool allowing you to connect to MySQL, Oracle, PostgreSQL, SQLite, SQL Server, MariaDB and/or MongoDB databases, making database administration to multiple kinds of database so easy. Actually it is just in an idea when feel oneself can achieve and cannot achieve. Instead of wondering when your next vacation is, maybe you should set up a life you don’t need to escape from. Instead of wondering when your next vacation is, maybe you should set up a life you don’t need to escape from. It provides strong authentication and secure encrypted communications between two hosts, known as SSH Port Forwarding (Tunneling), over an insecure network. All the Navicat Cloud objects are located under different projects. You can share the project to other Navicat Cloud accounts for collaboration. With its well-designed Graphical User Interface(GUI), Navicat lets you quickly and easily create, organize, access and share information in a secure and easy way. Champions keep playing until they get it right. The first step is as good as half over. After logged in the Navicat Cloud feature, the Navigation pane will be divided into Navicat Cloud and My Connections sections. Navicat 15 has added support for the system-wide dark mode. To clear or reload various internal caches, flush tables, or acquire locks, control-click your connection in the Navigation pane and select Flush and choose the flush option. You must have the reload privilege to use this feature. Navicat is a multi-connections Database Administration tool allowing you to connect to MySQL, Oracle, PostgreSQL, SQLite, SQL Server, MariaDB and/or MongoDB databases, making database administration to multiple kinds of database so easy. If you wait, all that happens is you get older. If opportunity doesn’t knock, build a door. You cannot save people, you can just love them. HTTP Tunneling is a method for connecting to a server that uses the same protocol (http://) and the same port (port 80) as a web server does. The Information Pane shows the detailed object information, project activities, the DDL of database objects, object dependencies, membership of users/roles and preview. You must be the change you wish to see in the world. To clear or reload various internal caches, flush tables, or acquire locks, control-click your connection in the Navigation pane and select Flush and choose the flush option. You must have the reload privilege to use this feature. I may not have gone where I intended to go, but I think I have ended up where I needed to be. Navicat is a multi-connections Database Administration tool allowing you to connect to MySQL, Oracle, PostgreSQL, SQLite, SQL Server, MariaDB and/or MongoDB databases, making database administration to multiple kinds of database so easy. In other words, Navicat provides the ability for data in different databases and/or schemas to be kept up-to-date so that each repository contains the same information. Always keep your eyes open. Keep watching. Because whatever you see can inspire you. It can also manage cloud databases such as Amazon Redshift, Amazon RDS, Alibaba Cloud. Features in Navicat are sophisticated enough to provide professional developers for all their specific needs, yet easy to learn for users who are new to database server. If opportunity doesn’t knock, build a door. I may not have gone where I intended to go, but I think I have ended up where I needed to be. Navicat provides a wide range advanced features, such as compelling code editing capabilities, smart code-completion, SQL formatting, and more.', '2006-01-26 20:14:43', '310');
INSERT INTO `remark` VALUES (2, '5', 6, 'To successfully establish a new connection to local/remote server - no matter via SSL or SSH, set the database login information in the General tab. If opportunity doesn’t knock, build a door. It provides strong authentication and secure encrypted communications between two hosts, known as SSH Port Forwarding (Tunneling), over an insecure network. It wasn’t raining when Noah built the ark. Monitored servers include MySQL, MariaDB and SQL Server, and compatible with cloud databases like Amazon RDS, Amazon Aurora, Oracle Cloud, Google Cloud and Microsoft Azure. Creativity is intelligence having fun. SSH serves to prevent such vulnerabilities and allows you to access a remote server\'s shell without compromising security. Navicat Cloud could not connect and access your databases. By which it means, it could only store your connection settings, queries, model files, and virtual group; your database passwords and data (e.g. tables, views, etc) will not be stored to Navicat Cloud. Always keep your eyes open. Keep watching. Because whatever you see can inspire you. Optimism is the one quality more associated with success and happiness than any other. To clear or reload various internal caches, flush tables, or acquire locks, control-click your connection in the Navigation pane and select Flush and choose the flush option. You must have the reload privilege to use this feature. Flexible settings enable you to set up a custom key for comparison and synchronization. Flexible settings enable you to set up a custom key for comparison and synchronization. To successfully establish a new connection to local/remote server - no matter via SSL, SSH or HTTP, set the database login information in the General tab. I may not have gone where I intended to go, but I think I have ended up where I needed to be. To get a secure connection, the first thing you need to do is to install OpenSSL Library and download Database Source. Anyone who has never made a mistake has never tried anything new. You can select any connections, objects or projects, and then select the corresponding buttons on the Information Pane. If the Show objects under schema in navigation pane option is checked at the Preferences window, all database objects are also displayed in the pane. It is used while your ISPs do not allow direct connections, but allows establishing HTTP connections. Anyone who has ever made anything of importance was disciplined. HTTP Tunneling is a method for connecting to a server that uses the same protocol (http://) and the same port (port 80) as a web server does. If opportunity doesn’t knock, build a door. Navicat provides powerful tools for working with queries: Query Editor for editing the query text directly, and Query Builder, Find Builder or Aggregate Builder for building queries visually. To open a query using an external editor, control-click it and select Open with External Editor. You can set the file path of an external editor in Preferences. It is used while your ISPs do not allow direct connections, but allows establishing HTTP connections. The first step is as good as half over. With its well-designed Graphical User Interface(GUI), Navicat lets you quickly and easily create, organize, access and share information in a secure and easy way. Navicat Monitor requires a repository to store alerts and metrics for historical analysis. Difficult circumstances serve as a textbook of life for people. Such sessions are also susceptible to session hijacking, where a malicious user takes over your session once you have authenticated. Navicat Monitor is a safe, simple and agentless remote server monitoring tool that is packed with powerful features to make your monitoring effective as possible. You must be the change you wish to see in the world. All the Navicat Cloud objects are located under different projects. You can share the project to other Navicat Cloud accounts for collaboration. A man’s best friends are his ten fingers. To clear or reload various internal caches, flush tables, or acquire locks, control-click your connection in the Navigation pane and select Flush and choose the flush option. You must have the reload privilege to use this feature. Secure Sockets Layer(SSL) is a protocol for transmitting private documents via the Internet. Difficult circumstances serve as a textbook of life for people. HTTP Tunneling is a method for connecting to a server that uses the same protocol (http://) and the same port (port 80) as a web server does. Instead of wondering when your next vacation is, maybe you should set up a life you don’t need to escape from.', '2007-11-10 00:39:06', '398');
INSERT INTO `remark` VALUES (3, '5', 8, 'Flexible settings enable you to set up a custom key for comparison and synchronization. If opportunity doesn’t knock, build a door. If opportunity doesn’t knock, build a door. Navicat Monitor requires a repository to store alerts and metrics for historical analysis. After comparing data, the window shows the number of records that will be inserted, updated or deleted in the target. SSH serves to prevent such vulnerabilities and allows you to access a remote server\'s shell without compromising security. What you get by achieving your goals is not as important as what you become by achieving your goals. All journeys have secret destinations of which the traveler is unaware. To connect to a database or schema, simply double-click it in the pane. Instead of wondering when your next vacation is, maybe you should set up a life you don’t need to escape from. Sometimes you win, sometimes you learn. All journeys have secret destinations of which the traveler is unaware. A man’s best friends are his ten fingers. If you wait, all that happens is you get older. The repository database can be an existing MySQL, MariaDB, PostgreSQL, SQL Server, or Amazon RDS instance. What you get by achieving your goals is not as important as what you become by achieving your goals. The past has no power over the present moment. In the middle of winter I at last discovered that there was in me an invincible summer. The reason why a great man is great is that he resolves to be a great man. The first step is as good as half over. Such sessions are also susceptible to session hijacking, where a malicious user takes over your session once you have authenticated. All journeys have secret destinations of which the traveler is unaware. I will greet this day with love in my heart. If it scares you, it might be a good thing to try. In other words, Navicat provides the ability for data in different databases and/or schemas to be kept up-to-date so that each repository contains the same information. Instead of wondering when your next vacation is, maybe you should set up a life you don’t need to escape from. In the middle of winter I at last discovered that there was in me an invincible summer. Actually it is just in an idea when feel oneself can achieve and cannot achieve. The Navigation pane employs tree structure which allows you to take action upon the database and their objects through their pop-up menus quickly and easily. To open a query using an external editor, control-click it and select Open with External Editor. You can set the file path of an external editor in Preferences. I destroy my enemies when I make them my friends. Secure SHell (SSH) is a program to log in into another computer over a network, execute commands on a remote server, and move files from one machine to another. Anyone who has ever made anything of importance was disciplined. To open a query using an external editor, control-click it and select Open with External Editor. You can set the file path of an external editor in Preferences. A man’s best friends are his ten fingers. Optimism is the one quality more associated with success and happiness than any other. Difficult circumstances serve as a textbook of life for people. I may not have gone where I intended to go, but I think I have ended up where I needed to be. Creativity is intelligence having fun. The Navigation pane employs tree structure which allows you to take action upon the database and their objects through their pop-up menus quickly and easily. Optimism is the one quality more associated with success and happiness than any other. Navicat provides powerful tools for working with queries: Query Editor for editing the query text directly, and Query Builder, Find Builder or Aggregate Builder for building queries visually. If your Internet Service Provider (ISP) does not provide direct access to its server, Secure Tunneling Protocol (SSH) / HTTP is another solution. The Information Pane shows the detailed object information, project activities, the DDL of database objects, object dependencies, membership of users/roles and preview. Such sessions are also susceptible to session hijacking, where a malicious user takes over your session once you have authenticated. If you wait, all that happens is you get older. Navicat Cloud provides a cloud service for synchronizing connections, queries, model files and virtual group information from Navicat, other Navicat family members, different machines and different platforms. In a Telnet session, all communications, including username and password, are transmitted in plain-text, allowing anyone to listen-in on your session and steal passwords and other information. If your Internet Service Provider (ISP) does not provide direct access to its server, Secure Tunneling Protocol (SSH) / HTTP is another solution. It can also manage cloud databases such as Amazon Redshift, Amazon RDS, Alibaba Cloud. Features in Navicat are sophisticated enough to provide professional developers for all their specific needs, yet easy to learn for users who are new to database server. With its well-designed Graphical User Interface(GUI), Navicat lets you quickly and easily create, organize, access and share information in a secure and easy way. It wasn’t raining when Noah built the ark. Such sessions are also susceptible to session hijacking, where a malicious user takes over your session once you have authenticated. It wasn’t raining when Noah built the ark. After logged in the Navicat Cloud feature, the Navigation pane will be divided into Navicat Cloud and My Connections sections. Remember that failure is an event, not a person. All the Navicat Cloud objects are located under different projects. You can share the project to other Navicat Cloud accounts for collaboration. To connect to a database or schema, simply double-click it in the pane. A comfort zone is a beautiful place, but nothing ever grows there. Navicat Cloud provides a cloud service for synchronizing connections, queries, model files and virtual group information from Navicat, other Navicat family members, different machines and different platforms. How we spend our days is, of course, how we spend our lives. To clear or reload various internal caches, flush tables, or acquire locks, control-click your connection in the Navigation pane and select Flush and choose the flush option. You must have the reload privilege to use this feature. SQL Editor allows you to create and edit SQL text, prepare and execute selected queries. Optimism is the one quality more associated with success and happiness than any other. The Main Window consists of several toolbars and panes for you to work on connections, database objects and advanced tools. To open a query using an external editor, control-click it and select Open with External Editor. You can set the file path of an external editor in Preferences. It collects process metrics such as CPU load, RAM usage, and a variety of other resources over SSH/SNMP. Navicat authorizes you to make connection to remote servers running on different platforms (i.e. Windows, macOS, Linux and UNIX), and supports PAM and GSSAPI authentication. It provides strong authentication and secure encrypted communications between two hosts, known as SSH Port Forwarding (Tunneling), over an insecure network. It provides strong authentication and secure encrypted communications between two hosts, known as SSH Port Forwarding (Tunneling), over an insecure network. Actually it is just in an idea when feel oneself can achieve and cannot achieve. Creativity is intelligence having fun. Secure SHell (SSH) is a program to log in into another computer over a network, execute commands on a remote server, and move files from one machine to another. A man’s best friends are his ten fingers. To connect to a database or schema, simply double-click it in the pane. If it scares you, it might be a good thing to try. You will succeed because most people are lazy. To successfully establish a new connection to local/remote server - no matter via SSL, SSH or HTTP, set the database login information in the General tab. To successfully establish a new connection to local/remote server - no matter via SSL, SSH or HTTP, set the database login information in the General tab. Navicat allows you to transfer data from one database and/or schema to another with detailed analytical process.', '2000-06-10 14:42:03', '884');
INSERT INTO `remark` VALUES (4, '5', 9, 'Navicat Cloud provides a cloud service for synchronizing connections, queries, model files and virtual group information from Navicat, other Navicat family members, different machines and different platforms. It wasn’t raining when Noah built the ark. How we spend our days is, of course, how we spend our lives. Sometimes you win, sometimes you learn. Navicat provides a wide range advanced features, such as compelling code editing capabilities, smart code-completion, SQL formatting, and more. Navicat Monitor requires a repository to store alerts and metrics for historical analysis. Navicat Cloud could not connect and access your databases. By which it means, it could only store your connection settings, queries, model files, and virtual group; your database passwords and data (e.g. tables, views, etc) will not be stored to Navicat Cloud. Navicat Data Modeler enables you to build high-quality conceptual, logical and physical data models for a wide variety of audiences. You will succeed because most people are lazy. Navicat allows you to transfer data from one database and/or schema to another with detailed analytical process. The Main Window consists of several toolbars and panes for you to work on connections, database objects and advanced tools. Monitored servers include MySQL, MariaDB and SQL Server, and compatible with cloud databases like Amazon RDS, Amazon Aurora, Oracle Cloud, Google Cloud and Microsoft Azure. You cannot save people, you can just love them. In a Telnet session, all communications, including username and password, are transmitted in plain-text, allowing anyone to listen-in on your session and steal passwords and other information. In the middle of winter I at last discovered that there was in me an invincible summer. It can also manage cloud databases such as Amazon Redshift, Amazon RDS, Alibaba Cloud. Features in Navicat are sophisticated enough to provide professional developers for all their specific needs, yet easy to learn for users who are new to database server. The Synchronize to Database function will give you a full picture of all database differences. It can also manage cloud databases such as Amazon Redshift, Amazon RDS, Alibaba Cloud. Features in Navicat are sophisticated enough to provide professional developers for all their specific needs, yet easy to learn for users who are new to database server. Export Wizard allows you to export data from tables, collections, views, or query results to any available formats. Import Wizard allows you to import data to tables/collections from CSV, TXT, XML, DBF and more. You cannot save people, you can just love them. If you wait, all that happens is you get older. The Main Window consists of several toolbars and panes for you to work on connections, database objects and advanced tools. Navicat authorizes you to make connection to remote servers running on different platforms (i.e. Windows, macOS, Linux and UNIX), and supports PAM and GSSAPI authentication. A man’s best friends are his ten fingers. I will greet this day with love in my heart. Sometimes you win, sometimes you learn. The Navigation pane employs tree structure which allows you to take action upon the database and their objects through their pop-up menus quickly and easily. Success consists of going from failure to failure without loss of enthusiasm. SQL Editor allows you to create and edit SQL text, prepare and execute selected queries. If the Show objects under schema in navigation pane option is checked at the Preferences window, all database objects are also displayed in the pane. Flexible settings enable you to set up a custom key for comparison and synchronization. Anyone who has ever made anything of importance was disciplined. In the Objects tab, you can use the List List, Detail Detail and ER Diagram ER Diagram buttons to change the object view. You must be the change you wish to see in the world. If the plan doesn’t work, change the plan, but never the goal. You can select any connections, objects or projects, and then select the corresponding buttons on the Information Pane. Instead of wondering when your next vacation is, maybe you should set up a life you don’t need to escape from. It provides strong authentication and secure encrypted communications between two hosts, known as SSH Port Forwarding (Tunneling), over an insecure network. It collects process metrics such as CPU load, RAM usage, and a variety of other resources over SSH/SNMP. I may not have gone where I intended to go, but I think I have ended up where I needed to be. After logged in the Navicat Cloud feature, the Navigation pane will be divided into Navicat Cloud and My Connections sections. I may not have gone where I intended to go, but I think I have ended up where I needed to be. Navicat Monitor is a safe, simple and agentless remote server monitoring tool that is packed with powerful features to make your monitoring effective as possible. If the plan doesn’t work, change the plan, but never the goal. It can also manage cloud databases such as Amazon Redshift, Amazon RDS, Alibaba Cloud. Features in Navicat are sophisticated enough to provide professional developers for all their specific needs, yet easy to learn for users who are new to database server. Monitored servers include MySQL, MariaDB and SQL Server, and compatible with cloud databases like Amazon RDS, Amazon Aurora, Oracle Cloud, Google Cloud and Microsoft Azure. You can select any connections, objects or projects, and then select the corresponding buttons on the Information Pane. It collects process metrics such as CPU load, RAM usage, and a variety of other resources over SSH/SNMP. A query is used to extract data from the database in a readable format according to the user\'s request. If it scares you, it might be a good thing to try. It can also manage cloud databases such as Amazon Redshift, Amazon RDS, Alibaba Cloud. Features in Navicat are sophisticated enough to provide professional developers for all their specific needs, yet easy to learn for users who are new to database server.', '2022-01-15 09:04:27', '232');
INSERT INTO `remark` VALUES (5, '5', 5, 'Navicat is a multi-connections Database Administration tool allowing you to connect to MySQL, Oracle, PostgreSQL, SQLite, SQL Server, MariaDB and/or MongoDB databases, making database administration to multiple kinds of database so easy. Such sessions are also susceptible to session hijacking, where a malicious user takes over your session once you have authenticated. The Synchronize to Database function will give you a full picture of all database differences. The reason why a great man is great is that he resolves to be a great man. Navicat provides a wide range advanced features, such as compelling code editing capabilities, smart code-completion, SQL formatting, and more. Navicat allows you to transfer data from one database and/or schema to another with detailed analytical process. In the Objects tab, you can use the List List, Detail Detail and ER Diagram ER Diagram buttons to change the object view. The reason why a great man is great is that he resolves to be a great man. Navicat Data Modeler is a powerful and cost-effective database design tool which helps you build high-quality conceptual, logical and physical data models. With its well-designed Graphical User Interface(GUI), Navicat lets you quickly and easily create, organize, access and share information in a secure and easy way. Creativity is intelligence having fun. To open a query using an external editor, control-click it and select Open with External Editor. You can set the file path of an external editor in Preferences. To successfully establish a new connection to local/remote server - no matter via SSL or SSH, set the database login information in the General tab. Difficult circumstances serve as a textbook of life for people. With its well-designed Graphical User Interface(GUI), Navicat lets you quickly and easily create, organize, access and share information in a secure and easy way.', '2021-03-04 14:12:28', '859');
INSERT INTO `remark` VALUES (6, '5', 3, 'Navicat provides a wide range advanced features, such as compelling code editing capabilities, smart code-completion, SQL formatting, and more. It can also manage cloud databases such as Amazon Redshift, Amazon RDS, Alibaba Cloud. Features in Navicat are sophisticated enough to provide professional developers for all their specific needs, yet easy to learn for users who are new to database server. Typically, it is employed as an encrypted version of Telnet. Creativity is intelligence having fun. Typically, it is employed as an encrypted version of Telnet. You must be the change you wish to see in the world. Navicat Cloud could not connect and access your databases. By which it means, it could only store your connection settings, queries, model files, and virtual group; your database passwords and data (e.g. tables, views, etc) will not be stored to Navicat Cloud. Import Wizard allows you to import data to tables/collections from CSV, TXT, XML, DBF and more. You must be the change you wish to see in the world. Remember that failure is an event, not a person. In the Objects tab, you can use the List List, Detail Detail and ER Diagram ER Diagram buttons to change the object view. To connect to a database or schema, simply double-click it in the pane. Navicat allows you to transfer data from one database and/or schema to another with detailed analytical process. SSH serves to prevent such vulnerabilities and allows you to access a remote server\'s shell without compromising security. If the plan doesn’t work, change the plan, but never the goal. To open a query using an external editor, control-click it and select Open with External Editor. You can set the file path of an external editor in Preferences. If you wait, all that happens is you get older. If the Show objects under schema in navigation pane option is checked at the Preferences window, all database objects are also displayed in the pane. Anyone who has never made a mistake has never tried anything new. Instead of wondering when your next vacation is, maybe you should set up a life you don’t need to escape from. It provides strong authentication and secure encrypted communications between two hosts, known as SSH Port Forwarding (Tunneling), over an insecure network. Navicat provides a wide range advanced features, such as compelling code editing capabilities, smart code-completion, SQL formatting, and more. The repository database can be an existing MySQL, MariaDB, PostgreSQL, SQL Server, or Amazon RDS instance. Such sessions are also susceptible to session hijacking, where a malicious user takes over your session once you have authenticated. If the plan doesn’t work, change the plan, but never the goal. Instead of wondering when your next vacation is, maybe you should set up a life you don’t need to escape from. Difficult circumstances serve as a textbook of life for people. Success consists of going from failure to failure without loss of enthusiasm. The Navigation pane employs tree structure which allows you to take action upon the database and their objects through their pop-up menus quickly and easily. Success consists of going from failure to failure without loss of enthusiasm. It is used while your ISPs do not allow direct connections, but allows establishing HTTP connections. In a Telnet session, all communications, including username and password, are transmitted in plain-text, allowing anyone to listen-in on your session and steal passwords and other information. After logged in the Navicat Cloud feature, the Navigation pane will be divided into Navicat Cloud and My Connections sections. To successfully establish a new connection to local/remote server - no matter via SSL or SSH, set the database login information in the General tab. The Main Window consists of several toolbars and panes for you to work on connections, database objects and advanced tools. You can select any connections, objects or projects, and then select the corresponding buttons on the Information Pane. Navicat 15 has added support for the system-wide dark mode. A comfort zone is a beautiful place, but nothing ever grows there. Navicat Cloud could not connect and access your databases. By which it means, it could only store your connection settings, queries, model files, and virtual group; your database passwords and data (e.g. tables, views, etc) will not be stored to Navicat Cloud. The reason why a great man is great is that he resolves to be a great man. Difficult circumstances serve as a textbook of life for people. To open a query using an external editor, control-click it and select Open with External Editor. You can set the file path of an external editor in Preferences. There is no way to happiness. Happiness is the way. Navicat 15 has added support for the system-wide dark mode. To successfully establish a new connection to local/remote server - no matter via SSL or SSH, set the database login information in the General tab. How we spend our days is, of course, how we spend our lives. You can select any connections, objects or projects, and then select the corresponding buttons on the Information Pane. It can also manage cloud databases such as Amazon Redshift, Amazon RDS, Alibaba Cloud. Features in Navicat are sophisticated enough to provide professional developers for all their specific needs, yet easy to learn for users who are new to database server. SSH serves to prevent such vulnerabilities and allows you to access a remote server\'s shell without compromising security. If your Internet Service Provider (ISP) does not provide direct access to its server, Secure Tunneling Protocol (SSH) / HTTP is another solution. A query is used to extract data from the database in a readable format according to the user\'s request. The repository database can be an existing MySQL, MariaDB, PostgreSQL, SQL Server, or Amazon RDS instance. It can also manage cloud databases such as Amazon Redshift, Amazon RDS, Alibaba Cloud. Features in Navicat are sophisticated enough to provide professional developers for all their specific needs, yet easy to learn for users who are new to database server. It collects process metrics such as CPU load, RAM usage, and a variety of other resources over SSH/SNMP. How we spend our days is, of course, how we spend our lives. I may not have gone where I intended to go, but I think I have ended up where I needed to be. You will succeed because most people are lazy. A comfort zone is a beautiful place, but nothing ever grows there. Creativity is intelligence having fun. You cannot save people, you can just love them. The repository database can be an existing MySQL, MariaDB, PostgreSQL, SQL Server, or Amazon RDS instance. A query is used to extract data from the database in a readable format according to the user\'s request. Always keep your eyes open. Keep watching. Because whatever you see can inspire you. In the middle of winter I at last discovered that there was in me an invincible summer. To successfully establish a new connection to local/remote server - no matter via SSL or SSH, set the database login information in the General tab. The first step is as good as half over. Creativity is intelligence having fun. If your Internet Service Provider (ISP) does not provide direct access to its server, Secure Tunneling Protocol (SSH) / HTTP is another solution. The Navigation pane employs tree structure which allows you to take action upon the database and their objects through their pop-up menus quickly and easily. Navicat authorizes you to make connection to remote servers running on different platforms (i.e. Windows, macOS, Linux and UNIX), and supports PAM and GSSAPI authentication. To start working with your server in Navicat, you should first establish a connection or several connections using the Connection window. To successfully establish a new connection to local/remote server - no matter via SSL, SSH or HTTP, set the database login information in the General tab.', '2011-06-19 01:00:40', '216');
INSERT INTO `remark` VALUES (7, '3', 8, 'To get a secure connection, the first thing you need to do is to install OpenSSL Library and download Database Source. To successfully establish a new connection to local/remote server - no matter via SSL, SSH or HTTP, set the database login information in the General tab. After comparing data, the window shows the number of records that will be inserted, updated or deleted in the target. A query is used to extract data from the database in a readable format according to the user\'s request. Sometimes you win, sometimes you learn. Navicat Cloud provides a cloud service for synchronizing connections, queries, model files and virtual group information from Navicat, other Navicat family members, different machines and different platforms. Anyone who has never made a mistake has never tried anything new. Navicat Cloud provides a cloud service for synchronizing connections, queries, model files and virtual group information from Navicat, other Navicat family members, different machines and different platforms. It provides strong authentication and secure encrypted communications between two hosts, known as SSH Port Forwarding (Tunneling), over an insecure network. Sometimes you win, sometimes you learn. To successfully establish a new connection to local/remote server - no matter via SSL or SSH, set the database login information in the General tab. The past has no power over the present moment. SQL Editor allows you to create and edit SQL text, prepare and execute selected queries. To open a query using an external editor, control-click it and select Open with External Editor. You can set the file path of an external editor in Preferences. Anyone who has ever made anything of importance was disciplined. What you get by achieving your goals is not as important as what you become by achieving your goals. Navicat allows you to transfer data from one database and/or schema to another with detailed analytical process. Navicat Cloud provides a cloud service for synchronizing connections, queries, model files and virtual group information from Navicat, other Navicat family members, different machines and different platforms. SSH serves to prevent such vulnerabilities and allows you to access a remote server\'s shell without compromising security. Monitored servers include MySQL, MariaDB and SQL Server, and compatible with cloud databases like Amazon RDS, Amazon Aurora, Oracle Cloud, Google Cloud and Microsoft Azure. It is used while your ISPs do not allow direct connections, but allows establishing HTTP connections. Navicat allows you to transfer data from one database and/or schema to another with detailed analytical process. To connect to a database or schema, simply double-click it in the pane. In a Telnet session, all communications, including username and password, are transmitted in plain-text, allowing anyone to listen-in on your session and steal passwords and other information. In other words, Navicat provides the ability for data in different databases and/or schemas to be kept up-to-date so that each repository contains the same information.', '2021-12-13 03:56:01', '112');
INSERT INTO `remark` VALUES (8, '1', 8, 'To start working with your server in Navicat, you should first establish a connection or several connections using the Connection window. How we spend our days is, of course, how we spend our lives. The repository database can be an existing MySQL, MariaDB, PostgreSQL, SQL Server, or Amazon RDS instance. If opportunity doesn’t knock, build a door. Champions keep playing until they get it right. A comfort zone is a beautiful place, but nothing ever grows there. In a Telnet session, all communications, including username and password, are transmitted in plain-text, allowing anyone to listen-in on your session and steal passwords and other information. SSH serves to prevent such vulnerabilities and allows you to access a remote server\'s shell without compromising security. HTTP Tunneling is a method for connecting to a server that uses the same protocol (http://) and the same port (port 80) as a web server does. The On Startup feature allows you to control what tabs appear when you launch Navicat. You must be the change you wish to see in the world. The past has no power over the present moment. It provides strong authentication and secure encrypted communications between two hosts, known as SSH Port Forwarding (Tunneling), over an insecure network. HTTP Tunneling is a method for connecting to a server that uses the same protocol (http://) and the same port (port 80) as a web server does. The past has no power over the present moment. Navicat Cloud provides a cloud service for synchronizing connections, queries, model files and virtual group information from Navicat, other Navicat family members, different machines and different platforms. A query is used to extract data from the database in a readable format according to the user\'s request. SSH serves to prevent such vulnerabilities and allows you to access a remote server\'s shell without compromising security. You cannot save people, you can just love them. The first step is as good as half over. With its well-designed Graphical User Interface(GUI), Navicat lets you quickly and easily create, organize, access and share information in a secure and easy way. There is no way to happiness. Happiness is the way. How we spend our days is, of course, how we spend our lives. You can select any connections, objects or projects, and then select the corresponding buttons on the Information Pane. Navicat Cloud could not connect and access your databases. By which it means, it could only store your connection settings, queries, model files, and virtual group; your database passwords and data (e.g. tables, views, etc) will not be stored to Navicat Cloud. To open a query using an external editor, control-click it and select Open with External Editor. You can set the file path of an external editor in Preferences. Typically, it is employed as an encrypted version of Telnet. SQL Editor allows you to create and edit SQL text, prepare and execute selected queries. Navicat provides powerful tools for working with queries: Query Editor for editing the query text directly, and Query Builder, Find Builder or Aggregate Builder for building queries visually. A comfort zone is a beautiful place, but nothing ever grows there. Navicat is a multi-connections Database Administration tool allowing you to connect to MySQL, Oracle, PostgreSQL, SQLite, SQL Server, MariaDB and/or MongoDB databases, making database administration to multiple kinds of database so easy. If it scares you, it might be a good thing to try. Success consists of going from failure to failure without loss of enthusiasm. In a Telnet session, all communications, including username and password, are transmitted in plain-text, allowing anyone to listen-in on your session and steal passwords and other information. All the Navicat Cloud objects are located under different projects. You can share the project to other Navicat Cloud accounts for collaboration. With its well-designed Graphical User Interface(GUI), Navicat lets you quickly and easily create, organize, access and share information in a secure and easy way. To connect to a database or schema, simply double-click it in the pane. Success consists of going from failure to failure without loss of enthusiasm. After logged in the Navicat Cloud feature, the Navigation pane will be divided into Navicat Cloud and My Connections sections. What you get by achieving your goals is not as important as what you become by achieving your goals. If opportunity doesn’t knock, build a door. To clear or reload various internal caches, flush tables, or acquire locks, control-click your connection in the Navigation pane and select Flush and choose the flush option. You must have the reload privilege to use this feature. All the Navicat Cloud objects are located under different projects. You can share the project to other Navicat Cloud accounts for collaboration. Navicat Data Modeler enables you to build high-quality conceptual, logical and physical data models for a wide variety of audiences. To clear or reload various internal caches, flush tables, or acquire locks, control-click your connection in the Navigation pane and select Flush and choose the flush option. You must have the reload privilege to use this feature. Typically, it is employed as an encrypted version of Telnet. Navicat Monitor can be installed on any local computer or virtual machine and does not require any software installation on the servers being monitored. SQL Editor allows you to create and edit SQL text, prepare and execute selected queries.', '2007-05-04 16:24:34', '790');
INSERT INTO `remark` VALUES (9, '4', 5, 'If the plan doesn’t work, change the plan, but never the goal. Monitored servers include MySQL, MariaDB and SQL Server, and compatible with cloud databases like Amazon RDS, Amazon Aurora, Oracle Cloud, Google Cloud and Microsoft Azure. A query is used to extract data from the database in a readable format according to the user\'s request. The On Startup feature allows you to control what tabs appear when you launch Navicat. The Information Pane shows the detailed object information, project activities, the DDL of database objects, object dependencies, membership of users/roles and preview. I destroy my enemies when I make them my friends. A man is not old until regrets take the place of dreams. If the Show objects under schema in navigation pane option is checked at the Preferences window, all database objects are also displayed in the pane. The Synchronize to Database function will give you a full picture of all database differences. Instead of wondering when your next vacation is, maybe you should set up a life you don’t need to escape from. Navicat Data Modeler enables you to build high-quality conceptual, logical and physical data models for a wide variety of audiences. HTTP Tunneling is a method for connecting to a server that uses the same protocol (http://) and the same port (port 80) as a web server does. The repository database can be an existing MySQL, MariaDB, PostgreSQL, SQL Server, or Amazon RDS instance. Secure Sockets Layer(SSL) is a protocol for transmitting private documents via the Internet. Optimism is the one quality more associated with success and happiness than any other. HTTP Tunneling is a method for connecting to a server that uses the same protocol (http://) and the same port (port 80) as a web server does. There is no way to happiness. Happiness is the way. The Main Window consists of several toolbars and panes for you to work on connections, database objects and advanced tools. Navicat Monitor can be installed on any local computer or virtual machine and does not require any software installation on the servers being monitored. It wasn’t raining when Noah built the ark. You can select any connections, objects or projects, and then select the corresponding buttons on the Information Pane. It can also manage cloud databases such as Amazon Redshift, Amazon RDS, Alibaba Cloud. Features in Navicat are sophisticated enough to provide professional developers for all their specific needs, yet easy to learn for users who are new to database server. Champions keep playing until they get it right. If opportunity doesn’t knock, build a door. It wasn’t raining when Noah built the ark. SQL Editor allows you to create and edit SQL text, prepare and execute selected queries. Flexible settings enable you to set up a custom key for comparison and synchronization. Remember that failure is an event, not a person. SSH serves to prevent such vulnerabilities and allows you to access a remote server\'s shell without compromising security. Navicat provides powerful tools for working with queries: Query Editor for editing the query text directly, and Query Builder, Find Builder or Aggregate Builder for building queries visually. I will greet this day with love in my heart. I will greet this day with love in my heart. All journeys have secret destinations of which the traveler is unaware. After logged in the Navicat Cloud feature, the Navigation pane will be divided into Navicat Cloud and My Connections sections. The past has no power over the present moment. You can select any connections, objects or projects, and then select the corresponding buttons on the Information Pane. To clear or reload various internal caches, flush tables, or acquire locks, control-click your connection in the Navigation pane and select Flush and choose the flush option. You must have the reload privilege to use this feature. The Information Pane shows the detailed object information, project activities, the DDL of database objects, object dependencies, membership of users/roles and preview. Navicat is a multi-connections Database Administration tool allowing you to connect to MySQL, Oracle, PostgreSQL, SQLite, SQL Server, MariaDB and/or MongoDB databases, making database administration to multiple kinds of database so easy. Sometimes you win, sometimes you learn. Navicat provides a wide range advanced features, such as compelling code editing capabilities, smart code-completion, SQL formatting, and more. To open a query using an external editor, control-click it and select Open with External Editor. You can set the file path of an external editor in Preferences. You can select any connections, objects or projects, and then select the corresponding buttons on the Information Pane. A comfort zone is a beautiful place, but nothing ever grows there. Navicat Monitor can be installed on any local computer or virtual machine and does not require any software installation on the servers being monitored. It provides strong authentication and secure encrypted communications between two hosts, known as SSH Port Forwarding (Tunneling), over an insecure network. Navicat Monitor requires a repository to store alerts and metrics for historical analysis. Genius is an infinite capacity for taking pains. All journeys have secret destinations of which the traveler is unaware. The past has no power over the present moment. Navicat provides a wide range advanced features, such as compelling code editing capabilities, smart code-completion, SQL formatting, and more. What you get by achieving your goals is not as important as what you become by achieving your goals. Anyone who has ever made anything of importance was disciplined. All the Navicat Cloud objects are located under different projects. You can share the project to other Navicat Cloud accounts for collaboration. Always keep your eyes open. Keep watching. Because whatever you see can inspire you. Flexible settings enable you to set up a custom key for comparison and synchronization. In the Objects tab, you can use the List List, Detail Detail and ER Diagram ER Diagram buttons to change the object view. Actually it is just in an idea when feel oneself can achieve and cannot achieve. It is used while your ISPs do not allow direct connections, but allows establishing HTTP connections. Sometimes you win, sometimes you learn. A man’s best friends are his ten fingers. Optimism is the one quality more associated with success and happiness than any other. A man is not old until regrets take the place of dreams. Navicat Cloud could not connect and access your databases. By which it means, it could only store your connection settings, queries, model files, and virtual group; your database passwords and data (e.g. tables, views, etc) will not be stored to Navicat Cloud. To successfully establish a new connection to local/remote server - no matter via SSL or SSH, set the database login information in the General tab. Navicat provides powerful tools for working with queries: Query Editor for editing the query text directly, and Query Builder, Find Builder or Aggregate Builder for building queries visually. Navicat Monitor can be installed on any local computer or virtual machine and does not require any software installation on the servers being monitored. The Main Window consists of several toolbars and panes for you to work on connections, database objects and advanced tools. Navicat Cloud could not connect and access your databases. By which it means, it could only store your connection settings, queries, model files, and virtual group; your database passwords and data (e.g. tables, views, etc) will not be stored to Navicat Cloud. Optimism is the one quality more associated with success and happiness than any other. Navicat Monitor can be installed on any local computer or virtual machine and does not require any software installation on the servers being monitored.', '2018-08-03 04:40:52', '260');
INSERT INTO `remark` VALUES (10, '4', 1, 'Import Wizard allows you to import data to tables/collections from CSV, TXT, XML, DBF and more. Navicat Cloud could not connect and access your databases. By which it means, it could only store your connection settings, queries, model files, and virtual group; your database passwords and data (e.g. tables, views, etc) will not be stored to Navicat Cloud. Navicat Monitor can be installed on any local computer or virtual machine and does not require any software installation on the servers being monitored. Navicat Cloud provides a cloud service for synchronizing connections, queries, model files and virtual group information from Navicat, other Navicat family members, different machines and different platforms. Monitored servers include MySQL, MariaDB and SQL Server, and compatible with cloud databases like Amazon RDS, Amazon Aurora, Oracle Cloud, Google Cloud and Microsoft Azure. The On Startup feature allows you to control what tabs appear when you launch Navicat. Anyone who has ever made anything of importance was disciplined. The Synchronize to Database function will give you a full picture of all database differences. Instead of wondering when your next vacation is, maybe you should set up a life you don’t need to escape from. The Information Pane shows the detailed object information, project activities, the DDL of database objects, object dependencies, membership of users/roles and preview. If the Show objects under schema in navigation pane option is checked at the Preferences window, all database objects are also displayed in the pane. Navicat provides powerful tools for working with queries: Query Editor for editing the query text directly, and Query Builder, Find Builder or Aggregate Builder for building queries visually. If your Internet Service Provider (ISP) does not provide direct access to its server, Secure Tunneling Protocol (SSH) / HTTP is another solution. Navicat Monitor is a safe, simple and agentless remote server monitoring tool that is packed with powerful features to make your monitoring effective as possible. HTTP Tunneling is a method for connecting to a server that uses the same protocol (http://) and the same port (port 80) as a web server does. I may not have gone where I intended to go, but I think I have ended up where I needed to be. To clear or reload various internal caches, flush tables, or acquire locks, control-click your connection in the Navigation pane and select Flush and choose the flush option. You must have the reload privilege to use this feature. It is used while your ISPs do not allow direct connections, but allows establishing HTTP connections. Navicat Cloud could not connect and access your databases. By which it means, it could only store your connection settings, queries, model files, and virtual group; your database passwords and data (e.g. tables, views, etc) will not be stored to Navicat Cloud. You cannot save people, you can just love them. Such sessions are also susceptible to session hijacking, where a malicious user takes over your session once you have authenticated. A man’s best friends are his ten fingers. If the plan doesn’t work, change the plan, but never the goal. You will succeed because most people are lazy. It is used while your ISPs do not allow direct connections, but allows establishing HTTP connections. To connect to a database or schema, simply double-click it in the pane. To successfully establish a new connection to local/remote server - no matter via SSL, SSH or HTTP, set the database login information in the General tab. A man is not old until regrets take the place of dreams. You cannot save people, you can just love them. Champions keep playing until they get it right. You must be the change you wish to see in the world. I destroy my enemies when I make them my friends. A man is not old until regrets take the place of dreams. To successfully establish a new connection to local/remote server - no matter via SSL, SSH or HTTP, set the database login information in the General tab. Navicat 15 has added support for the system-wide dark mode. If you wait, all that happens is you get older. The On Startup feature allows you to control what tabs appear when you launch Navicat. Secure Sockets Layer(SSL) is a protocol for transmitting private documents via the Internet. The Information Pane shows the detailed object information, project activities, the DDL of database objects, object dependencies, membership of users/roles and preview. To get a secure connection, the first thing you need to do is to install OpenSSL Library and download Database Source. If opportunity doesn’t knock, build a door. A query is used to extract data from the database in a readable format according to the user\'s request. To start working with your server in Navicat, you should first establish a connection or several connections using the Connection window. To start working with your server in Navicat, you should first establish a connection or several connections using the Connection window. All journeys have secret destinations of which the traveler is unaware. In a Telnet session, all communications, including username and password, are transmitted in plain-text, allowing anyone to listen-in on your session and steal passwords and other information. How we spend our days is, of course, how we spend our lives. A query is used to extract data from the database in a readable format according to the user\'s request. Navicat authorizes you to make connection to remote servers running on different platforms (i.e. Windows, macOS, Linux and UNIX), and supports PAM and GSSAPI authentication. I destroy my enemies when I make them my friends. The Main Window consists of several toolbars and panes for you to work on connections, database objects and advanced tools. The On Startup feature allows you to control what tabs appear when you launch Navicat. After comparing data, the window shows the number of records that will be inserted, updated or deleted in the target. Creativity is intelligence having fun. You can select any connections, objects or projects, and then select the corresponding buttons on the Information Pane. A comfort zone is a beautiful place, but nothing ever grows there. Navicat provides a wide range advanced features, such as compelling code editing capabilities, smart code-completion, SQL formatting, and more. If the plan doesn’t work, change the plan, but never the goal. All the Navicat Cloud objects are located under different projects. You can share the project to other Navicat Cloud accounts for collaboration. Anyone who has ever made anything of importance was disciplined. To successfully establish a new connection to local/remote server - no matter via SSL, SSH or HTTP, set the database login information in the General tab. The repository database can be an existing MySQL, MariaDB, PostgreSQL, SQL Server, or Amazon RDS instance. Remember that failure is an event, not a person. The Navigation pane employs tree structure which allows you to take action upon the database and their objects through their pop-up menus quickly and easily. Secure Sockets Layer(SSL) is a protocol for transmitting private documents via the Internet. Difficult circumstances serve as a textbook of life for people. A man’s best friends are his ten fingers. How we spend our days is, of course, how we spend our lives. All the Navicat Cloud objects are located under different projects. You can share the project to other Navicat Cloud accounts for collaboration. It is used while your ISPs do not allow direct connections, but allows establishing HTTP connections. SQL Editor allows you to create and edit SQL text, prepare and execute selected queries. The Synchronize to Database function will give you a full picture of all database differences. In the middle of winter I at last discovered that there was in me an invincible summer. The Main Window consists of several toolbars and panes for you to work on connections, database objects and advanced tools. If it scares you, it might be a good thing to try. Navicat Data Modeler enables you to build high-quality conceptual, logical and physical data models for a wide variety of audiences. Import Wizard allows you to import data to tables/collections from CSV, TXT, XML, DBF and more. Navicat provides powerful tools for working with queries: Query Editor for editing the query text directly, and Query Builder, Find Builder or Aggregate Builder for building queries visually.', '2002-07-23 13:27:42', '890');
INSERT INTO `remark` VALUES (11, '3', 4, 'I will greet this day with love in my heart. I destroy my enemies when I make them my friends. To successfully establish a new connection to local/remote server - no matter via SSL, SSH or HTTP, set the database login information in the General tab. I will greet this day with love in my heart. Monitored servers include MySQL, MariaDB and SQL Server, and compatible with cloud databases like Amazon RDS, Amazon Aurora, Oracle Cloud, Google Cloud and Microsoft Azure. SSH serves to prevent such vulnerabilities and allows you to access a remote server\'s shell without compromising security. It is used while your ISPs do not allow direct connections, but allows establishing HTTP connections. After comparing data, the window shows the number of records that will be inserted, updated or deleted in the target. The Information Pane shows the detailed object information, project activities, the DDL of database objects, object dependencies, membership of users/roles and preview. It provides strong authentication and secure encrypted communications between two hosts, known as SSH Port Forwarding (Tunneling), over an insecure network. If opportunity doesn’t knock, build a door. To successfully establish a new connection to local/remote server - no matter via SSL or SSH, set the database login information in the General tab. Actually it is just in an idea when feel oneself can achieve and cannot achieve. Navicat 15 has added support for the system-wide dark mode. Remember that failure is an event, not a person. If the Show objects under schema in navigation pane option is checked at the Preferences window, all database objects are also displayed in the pane. Navicat provides a wide range advanced features, such as compelling code editing capabilities, smart code-completion, SQL formatting, and more. Navicat is a multi-connections Database Administration tool allowing you to connect to MySQL, Oracle, PostgreSQL, SQLite, SQL Server, MariaDB and/or MongoDB databases, making database administration to multiple kinds of database so easy. There is no way to happiness. Happiness is the way. Sometimes you win, sometimes you learn. It provides strong authentication and secure encrypted communications between two hosts, known as SSH Port Forwarding (Tunneling), over an insecure network. Champions keep playing until they get it right. Navicat Cloud provides a cloud service for synchronizing connections, queries, model files and virtual group information from Navicat, other Navicat family members, different machines and different platforms. Navicat authorizes you to make connection to remote servers running on different platforms (i.e. Windows, macOS, Linux and UNIX), and supports PAM and GSSAPI authentication. I destroy my enemies when I make them my friends. Navicat Data Modeler is a powerful and cost-effective database design tool which helps you build high-quality conceptual, logical and physical data models. You cannot save people, you can just love them. If it scares you, it might be a good thing to try. Instead of wondering when your next vacation is, maybe you should set up a life you don’t need to escape from. A man is not old until regrets take the place of dreams. A comfort zone is a beautiful place, but nothing ever grows there. A comfort zone is a beautiful place, but nothing ever grows there. Navicat Data Modeler enables you to build high-quality conceptual, logical and physical data models for a wide variety of audiences. I will greet this day with love in my heart. A query is used to extract data from the database in a readable format according to the user\'s request. If opportunity doesn’t knock, build a door. SSH serves to prevent such vulnerabilities and allows you to access a remote server\'s shell without compromising security. To successfully establish a new connection to local/remote server - no matter via SSL or SSH, set the database login information in the General tab. It wasn’t raining when Noah built the ark. The On Startup feature allows you to control what tabs appear when you launch Navicat. Always keep your eyes open. Keep watching. Because whatever you see can inspire you. Secure SHell (SSH) is a program to log in into another computer over a network, execute commands on a remote server, and move files from one machine to another. Navicat provides a wide range advanced features, such as compelling code editing capabilities, smart code-completion, SQL formatting, and more. It provides strong authentication and secure encrypted communications between two hosts, known as SSH Port Forwarding (Tunneling), over an insecure network. Secure Sockets Layer(SSL) is a protocol for transmitting private documents via the Internet. In the middle of winter I at last discovered that there was in me an invincible summer. In a Telnet session, all communications, including username and password, are transmitted in plain-text, allowing anyone to listen-in on your session and steal passwords and other information. Monitored servers include MySQL, MariaDB and SQL Server, and compatible with cloud databases like Amazon RDS, Amazon Aurora, Oracle Cloud, Google Cloud and Microsoft Azure. I may not have gone where I intended to go, but I think I have ended up where I needed to be. Always keep your eyes open. Keep watching. Because whatever you see can inspire you. Success consists of going from failure to failure without loss of enthusiasm. Such sessions are also susceptible to session hijacking, where a malicious user takes over your session once you have authenticated. I may not have gone where I intended to go, but I think I have ended up where I needed to be. Anyone who has never made a mistake has never tried anything new. In a Telnet session, all communications, including username and password, are transmitted in plain-text, allowing anyone to listen-in on your session and steal passwords and other information. If the Show objects under schema in navigation pane option is checked at the Preferences window, all database objects are also displayed in the pane. In the middle of winter I at last discovered that there was in me an invincible summer. A man’s best friends are his ten fingers. To successfully establish a new connection to local/remote server - no matter via SSL, SSH or HTTP, set the database login information in the General tab. SSH serves to prevent such vulnerabilities and allows you to access a remote server\'s shell without compromising security. Flexible settings enable you to set up a custom key for comparison and synchronization. Navicat Data Modeler is a powerful and cost-effective database design tool which helps you build high-quality conceptual, logical and physical data models. HTTP Tunneling is a method for connecting to a server that uses the same protocol (http://) and the same port (port 80) as a web server does. To open a query using an external editor, control-click it and select Open with External Editor. You can set the file path of an external editor in Preferences. Such sessions are also susceptible to session hijacking, where a malicious user takes over your session once you have authenticated. Navicat Monitor is a safe, simple and agentless remote server monitoring tool that is packed with powerful features to make your monitoring effective as possible. Navicat provides powerful tools for working with queries: Query Editor for editing the query text directly, and Query Builder, Find Builder or Aggregate Builder for building queries visually.', '2020-04-09 04:17:51', '86');
INSERT INTO `remark` VALUES (12, '1', 8, 'A query is used to extract data from the database in a readable format according to the user\'s request. In other words, Navicat provides the ability for data in different databases and/or schemas to be kept up-to-date so that each repository contains the same information. In other words, Navicat provides the ability for data in different databases and/or schemas to be kept up-to-date so that each repository contains the same information. SQL Editor allows you to create and edit SQL text, prepare and execute selected queries. Import Wizard allows you to import data to tables/collections from CSV, TXT, XML, DBF and more. In other words, Navicat provides the ability for data in different databases and/or schemas to be kept up-to-date so that each repository contains the same information. The Synchronize to Database function will give you a full picture of all database differences. The Main Window consists of several toolbars and panes for you to work on connections, database objects and advanced tools. It is used while your ISPs do not allow direct connections, but allows establishing HTTP connections. Anyone who has ever made anything of importance was disciplined. A comfort zone is a beautiful place, but nothing ever grows there. Monitored servers include MySQL, MariaDB and SQL Server, and compatible with cloud databases like Amazon RDS, Amazon Aurora, Oracle Cloud, Google Cloud and Microsoft Azure. Import Wizard allows you to import data to tables/collections from CSV, TXT, XML, DBF and more.', '2014-12-17 12:51:34', '432');
INSERT INTO `remark` VALUES (13, '1', 6, 'I destroy my enemies when I make them my friends. The reason why a great man is great is that he resolves to be a great man. After logged in the Navicat Cloud feature, the Navigation pane will be divided into Navicat Cloud and My Connections sections. You can select any connections, objects or projects, and then select the corresponding buttons on the Information Pane. Genius is an infinite capacity for taking pains. If your Internet Service Provider (ISP) does not provide direct access to its server, Secure Tunneling Protocol (SSH) / HTTP is another solution. To get a secure connection, the first thing you need to do is to install OpenSSL Library and download Database Source. Instead of wondering when your next vacation is, maybe you should set up a life you don’t need to escape from. Navicat provides a wide range advanced features, such as compelling code editing capabilities, smart code-completion, SQL formatting, and more. If you wait, all that happens is you get older. Always keep your eyes open. Keep watching. Because whatever you see can inspire you. Genius is an infinite capacity for taking pains. It wasn’t raining when Noah built the ark. There is no way to happiness. Happiness is the way. The Information Pane shows the detailed object information, project activities, the DDL of database objects, object dependencies, membership of users/roles and preview. Actually it is just in an idea when feel oneself can achieve and cannot achieve. A comfort zone is a beautiful place, but nothing ever grows there. All journeys have secret destinations of which the traveler is unaware. If the Show objects under schema in navigation pane option is checked at the Preferences window, all database objects are also displayed in the pane. SQL Editor allows you to create and edit SQL text, prepare and execute selected queries.', '2004-08-19 09:22:54', '824');
INSERT INTO `remark` VALUES (14, '5', 1, 'Navicat provides powerful tools for working with queries: Query Editor for editing the query text directly, and Query Builder, Find Builder or Aggregate Builder for building queries visually. Navicat Monitor requires a repository to store alerts and metrics for historical analysis. You must be the change you wish to see in the world. Navicat Data Modeler enables you to build high-quality conceptual, logical and physical data models for a wide variety of audiences. SSH serves to prevent such vulnerabilities and allows you to access a remote server\'s shell without compromising security. Navicat is a multi-connections Database Administration tool allowing you to connect to MySQL, Oracle, PostgreSQL, SQLite, SQL Server, MariaDB and/or MongoDB databases, making database administration to multiple kinds of database so easy. The past has no power over the present moment. Navicat Data Modeler is a powerful and cost-effective database design tool which helps you build high-quality conceptual, logical and physical data models. You cannot save people, you can just love them. Typically, it is employed as an encrypted version of Telnet. To successfully establish a new connection to local/remote server - no matter via SSL or SSH, set the database login information in the General tab. Instead of wondering when your next vacation is, maybe you should set up a life you don’t need to escape from. You cannot save people, you can just love them. Navicat 15 has added support for the system-wide dark mode. If you wait, all that happens is you get older. It wasn’t raining when Noah built the ark. Navicat provides powerful tools for working with queries: Query Editor for editing the query text directly, and Query Builder, Find Builder or Aggregate Builder for building queries visually. Instead of wondering when your next vacation is, maybe you should set up a life you don’t need to escape from. All journeys have secret destinations of which the traveler is unaware. Success consists of going from failure to failure without loss of enthusiasm. To connect to a database or schema, simply double-click it in the pane. Navicat provides powerful tools for working with queries: Query Editor for editing the query text directly, and Query Builder, Find Builder or Aggregate Builder for building queries visually. To open a query using an external editor, control-click it and select Open with External Editor. You can set the file path of an external editor in Preferences. Anyone who has never made a mistake has never tried anything new. Navicat provides a wide range advanced features, such as compelling code editing capabilities, smart code-completion, SQL formatting, and more. Champions keep playing until they get it right. SQL Editor allows you to create and edit SQL text, prepare and execute selected queries. Always keep your eyes open. Keep watching. Because whatever you see can inspire you. A man is not old until regrets take the place of dreams. A man’s best friends are his ten fingers. It provides strong authentication and secure encrypted communications between two hosts, known as SSH Port Forwarding (Tunneling), over an insecure network. All the Navicat Cloud objects are located under different projects. You can share the project to other Navicat Cloud accounts for collaboration. It provides strong authentication and secure encrypted communications between two hosts, known as SSH Port Forwarding (Tunneling), over an insecure network. If it scares you, it might be a good thing to try. Navicat Monitor is a safe, simple and agentless remote server monitoring tool that is packed with powerful features to make your monitoring effective as possible. It wasn’t raining when Noah built the ark. If the plan doesn’t work, change the plan, but never the goal. It can also manage cloud databases such as Amazon Redshift, Amazon RDS, Alibaba Cloud. Features in Navicat are sophisticated enough to provide professional developers for all their specific needs, yet easy to learn for users who are new to database server. After comparing data, the window shows the number of records that will be inserted, updated or deleted in the target. Navicat Monitor can be installed on any local computer or virtual machine and does not require any software installation on the servers being monitored. I may not have gone where I intended to go, but I think I have ended up where I needed to be. The Navigation pane employs tree structure which allows you to take action upon the database and their objects through their pop-up menus quickly and easily. SQL Editor allows you to create and edit SQL text, prepare and execute selected queries. If it scares you, it might be a good thing to try. It is used while your ISPs do not allow direct connections, but allows establishing HTTP connections. The repository database can be an existing MySQL, MariaDB, PostgreSQL, SQL Server, or Amazon RDS instance. Secure SHell (SSH) is a program to log in into another computer over a network, execute commands on a remote server, and move files from one machine to another. Actually it is just in an idea when feel oneself can achieve and cannot achieve. It wasn’t raining when Noah built the ark. Instead of wondering when your next vacation is, maybe you should set up a life you don’t need to escape from. The repository database can be an existing MySQL, MariaDB, PostgreSQL, SQL Server, or Amazon RDS instance. Import Wizard allows you to import data to tables/collections from CSV, TXT, XML, DBF and more. In a Telnet session, all communications, including username and password, are transmitted in plain-text, allowing anyone to listen-in on your session and steal passwords and other information. Navicat Data Modeler enables you to build high-quality conceptual, logical and physical data models for a wide variety of audiences. If it scares you, it might be a good thing to try. How we spend our days is, of course, how we spend our lives. The Synchronize to Database function will give you a full picture of all database differences. To start working with your server in Navicat, you should first establish a connection or several connections using the Connection window. If the plan doesn’t work, change the plan, but never the goal. To open a query using an external editor, control-click it and select Open with External Editor. You can set the file path of an external editor in Preferences. It wasn’t raining when Noah built the ark. Flexible settings enable you to set up a custom key for comparison and synchronization. How we spend our days is, of course, how we spend our lives. Navicat provides a wide range advanced features, such as compelling code editing capabilities, smart code-completion, SQL formatting, and more. To start working with your server in Navicat, you should first establish a connection or several connections using the Connection window. Navicat authorizes you to make connection to remote servers running on different platforms (i.e. Windows, macOS, Linux and UNIX), and supports PAM and GSSAPI authentication. Genius is an infinite capacity for taking pains. The first step is as good as half over. In the Objects tab, you can use the List List, Detail Detail and ER Diagram ER Diagram buttons to change the object view. Remember that failure is an event, not a person. Anyone who has never made a mistake has never tried anything new. The Synchronize to Database function will give you a full picture of all database differences. Genius is an infinite capacity for taking pains. The Main Window consists of several toolbars and panes for you to work on connections, database objects and advanced tools. Remember that failure is an event, not a person. Secure SHell (SSH) is a program to log in into another computer over a network, execute commands on a remote server, and move files from one machine to another. Navicat Cloud could not connect and access your databases. By which it means, it could only store your connection settings, queries, model files, and virtual group; your database passwords and data (e.g. tables, views, etc) will not be stored to Navicat Cloud. HTTP Tunneling is a method for connecting to a server that uses the same protocol (http://) and the same port (port 80) as a web server does.', '2018-03-31 03:01:00', '903');
INSERT INTO `remark` VALUES (15, '5', 2, 'You can select any connections, objects or projects, and then select the corresponding buttons on the Information Pane. Champions keep playing until they get it right. The Navigation pane employs tree structure which allows you to take action upon the database and their objects through their pop-up menus quickly and easily. SQL Editor allows you to create and edit SQL text, prepare and execute selected queries. Actually it is just in an idea when feel oneself can achieve and cannot achieve. The reason why a great man is great is that he resolves to be a great man. Actually it is just in an idea when feel oneself can achieve and cannot achieve. To get a secure connection, the first thing you need to do is to install OpenSSL Library and download Database Source. If the Show objects under schema in navigation pane option is checked at the Preferences window, all database objects are also displayed in the pane. In the Objects tab, you can use the List List, Detail Detail and ER Diagram ER Diagram buttons to change the object view. Creativity is intelligence having fun. The repository database can be an existing MySQL, MariaDB, PostgreSQL, SQL Server, or Amazon RDS instance. Flexible settings enable you to set up a custom key for comparison and synchronization. Navicat Data Modeler is a powerful and cost-effective database design tool which helps you build high-quality conceptual, logical and physical data models. Optimism is the one quality more associated with success and happiness than any other. Navicat is a multi-connections Database Administration tool allowing you to connect to MySQL, Oracle, PostgreSQL, SQLite, SQL Server, MariaDB and/or MongoDB databases, making database administration to multiple kinds of database so easy. Export Wizard allows you to export data from tables, collections, views, or query results to any available formats. Remember that failure is an event, not a person. It wasn’t raining when Noah built the ark. The Synchronize to Database function will give you a full picture of all database differences. It wasn’t raining when Noah built the ark. Navicat Monitor requires a repository to store alerts and metrics for historical analysis. Anyone who has ever made anything of importance was disciplined. Navicat Cloud could not connect and access your databases. By which it means, it could only store your connection settings, queries, model files, and virtual group; your database passwords and data (e.g. tables, views, etc) will not be stored to Navicat Cloud. You will succeed because most people are lazy. Actually it is just in an idea when feel oneself can achieve and cannot achieve. With its well-designed Graphical User Interface(GUI), Navicat lets you quickly and easily create, organize, access and share information in a secure and easy way. To open a query using an external editor, control-click it and select Open with External Editor. You can set the file path of an external editor in Preferences. Typically, it is employed as an encrypted version of Telnet. Always keep your eyes open. Keep watching. Because whatever you see can inspire you. If you wait, all that happens is you get older. To open a query using an external editor, control-click it and select Open with External Editor. You can set the file path of an external editor in Preferences. The repository database can be an existing MySQL, MariaDB, PostgreSQL, SQL Server, or Amazon RDS instance. Navicat provides powerful tools for working with queries: Query Editor for editing the query text directly, and Query Builder, Find Builder or Aggregate Builder for building queries visually. It wasn’t raining when Noah built the ark. In a Telnet session, all communications, including username and password, are transmitted in plain-text, allowing anyone to listen-in on your session and steal passwords and other information. In the Objects tab, you can use the List List, Detail Detail and ER Diagram ER Diagram buttons to change the object view. HTTP Tunneling is a method for connecting to a server that uses the same protocol (http://) and the same port (port 80) as a web server does. Anyone who has ever made anything of importance was disciplined. With its well-designed Graphical User Interface(GUI), Navicat lets you quickly and easily create, organize, access and share information in a secure and easy way. Navicat provides powerful tools for working with queries: Query Editor for editing the query text directly, and Query Builder, Find Builder or Aggregate Builder for building queries visually. After comparing data, the window shows the number of records that will be inserted, updated or deleted in the target. Navicat Data Modeler enables you to build high-quality conceptual, logical and physical data models for a wide variety of audiences. In the middle of winter I at last discovered that there was in me an invincible summer. You can select any connections, objects or projects, and then select the corresponding buttons on the Information Pane. Difficult circumstances serve as a textbook of life for people. A query is used to extract data from the database in a readable format according to the user\'s request. The Navigation pane employs tree structure which allows you to take action upon the database and their objects through their pop-up menus quickly and easily. Navicat provides powerful tools for working with queries: Query Editor for editing the query text directly, and Query Builder, Find Builder or Aggregate Builder for building queries visually. Navicat Cloud could not connect and access your databases. By which it means, it could only store your connection settings, queries, model files, and virtual group; your database passwords and data (e.g. tables, views, etc) will not be stored to Navicat Cloud. If you wait, all that happens is you get older. Anyone who has never made a mistake has never tried anything new. In the Objects tab, you can use the List List, Detail Detail and ER Diagram ER Diagram buttons to change the object view. It provides strong authentication and secure encrypted communications between two hosts, known as SSH Port Forwarding (Tunneling), over an insecure network. If your Internet Service Provider (ISP) does not provide direct access to its server, Secure Tunneling Protocol (SSH) / HTTP is another solution. A comfort zone is a beautiful place, but nothing ever grows there. You will succeed because most people are lazy. It can also manage cloud databases such as Amazon Redshift, Amazon RDS, Alibaba Cloud. Features in Navicat are sophisticated enough to provide professional developers for all their specific needs, yet easy to learn for users who are new to database server. The Main Window consists of several toolbars and panes for you to work on connections, database objects and advanced tools. If the plan doesn’t work, change the plan, but never the goal. In other words, Navicat provides the ability for data in different databases and/or schemas to be kept up-to-date so that each repository contains the same information. Champions keep playing until they get it right. The first step is as good as half over. Champions keep playing until they get it right. Monitored servers include MySQL, MariaDB and SQL Server, and compatible with cloud databases like Amazon RDS, Amazon Aurora, Oracle Cloud, Google Cloud and Microsoft Azure. To start working with your server in Navicat, you should first establish a connection or several connections using the Connection window. SSH serves to prevent such vulnerabilities and allows you to access a remote server\'s shell without compromising security. Secure Sockets Layer(SSL) is a protocol for transmitting private documents via the Internet. After logged in the Navicat Cloud feature, the Navigation pane will be divided into Navicat Cloud and My Connections sections. In a Telnet session, all communications, including username and password, are transmitted in plain-text, allowing anyone to listen-in on your session and steal passwords and other information. Such sessions are also susceptible to session hijacking, where a malicious user takes over your session once you have authenticated. The Synchronize to Database function will give you a full picture of all database differences. Navicat Monitor is a safe, simple and agentless remote server monitoring tool that is packed with powerful features to make your monitoring effective as possible. Export Wizard allows you to export data from tables, collections, views, or query results to any available formats. If the plan doesn’t work, change the plan, but never the goal. Optimism is the one quality more associated with success and happiness than any other. Navicat Data Modeler is a powerful and cost-effective database design tool which helps you build high-quality conceptual, logical and physical data models.', '2017-05-20 11:13:33', '358');
INSERT INTO `remark` VALUES (16, '5', 8, 'All the Navicat Cloud objects are located under different projects. You can share the project to other Navicat Cloud accounts for collaboration. Secure SHell (SSH) is a program to log in into another computer over a network, execute commands on a remote server, and move files from one machine to another. Navicat authorizes you to make connection to remote servers running on different platforms (i.e. Windows, macOS, Linux and UNIX), and supports PAM and GSSAPI authentication. The Navigation pane employs tree structure which allows you to take action upon the database and their objects through their pop-up menus quickly and easily. You cannot save people, you can just love them. How we spend our days is, of course, how we spend our lives. Monitored servers include MySQL, MariaDB and SQL Server, and compatible with cloud databases like Amazon RDS, Amazon Aurora, Oracle Cloud, Google Cloud and Microsoft Azure. To successfully establish a new connection to local/remote server - no matter via SSL, SSH or HTTP, set the database login information in the General tab. Navicat provides a wide range advanced features, such as compelling code editing capabilities, smart code-completion, SQL formatting, and more. Secure Sockets Layer(SSL) is a protocol for transmitting private documents via the Internet. The Main Window consists of several toolbars and panes for you to work on connections, database objects and advanced tools. Flexible settings enable you to set up a custom key for comparison and synchronization. To successfully establish a new connection to local/remote server - no matter via SSL or SSH, set the database login information in the General tab. In the Objects tab, you can use the List List, Detail Detail and ER Diagram ER Diagram buttons to change the object view. All journeys have secret destinations of which the traveler is unaware. After logged in the Navicat Cloud feature, the Navigation pane will be divided into Navicat Cloud and My Connections sections. A man’s best friends are his ten fingers. Genius is an infinite capacity for taking pains. To connect to a database or schema, simply double-click it in the pane. To start working with your server in Navicat, you should first establish a connection or several connections using the Connection window. If the Show objects under schema in navigation pane option is checked at the Preferences window, all database objects are also displayed in the pane. To connect to a database or schema, simply double-click it in the pane. SQL Editor allows you to create and edit SQL text, prepare and execute selected queries. Export Wizard allows you to export data from tables, collections, views, or query results to any available formats. If you wait, all that happens is you get older. Such sessions are also susceptible to session hijacking, where a malicious user takes over your session once you have authenticated. How we spend our days is, of course, how we spend our lives. If it scares you, it might be a good thing to try. Optimism is the one quality more associated with success and happiness than any other. In other words, Navicat provides the ability for data in different databases and/or schemas to be kept up-to-date so that each repository contains the same information. Genius is an infinite capacity for taking pains. Navicat Cloud could not connect and access your databases. By which it means, it could only store your connection settings, queries, model files, and virtual group; your database passwords and data (e.g. tables, views, etc) will not be stored to Navicat Cloud. The Information Pane shows the detailed object information, project activities, the DDL of database objects, object dependencies, membership of users/roles and preview. Creativity is intelligence having fun. You cannot save people, you can just love them. Success consists of going from failure to failure without loss of enthusiasm. How we spend our days is, of course, how we spend our lives. After comparing data, the window shows the number of records that will be inserted, updated or deleted in the target. In a Telnet session, all communications, including username and password, are transmitted in plain-text, allowing anyone to listen-in on your session and steal passwords and other information. You will succeed because most people are lazy. After comparing data, the window shows the number of records that will be inserted, updated or deleted in the target. All the Navicat Cloud objects are located under different projects. You can share the project to other Navicat Cloud accounts for collaboration. Navicat Monitor is a safe, simple and agentless remote server monitoring tool that is packed with powerful features to make your monitoring effective as possible. The Navigation pane employs tree structure which allows you to take action upon the database and their objects through their pop-up menus quickly and easily. If the Show objects under schema in navigation pane option is checked at the Preferences window, all database objects are also displayed in the pane. If opportunity doesn’t knock, build a door. With its well-designed Graphical User Interface(GUI), Navicat lets you quickly and easily create, organize, access and share information in a secure and easy way. In the middle of winter I at last discovered that there was in me an invincible summer. All journeys have secret destinations of which the traveler is unaware. To connect to a database or schema, simply double-click it in the pane. If the Show objects under schema in navigation pane option is checked at the Preferences window, all database objects are also displayed in the pane. Secure Sockets Layer(SSL) is a protocol for transmitting private documents via the Internet. Secure Sockets Layer(SSL) is a protocol for transmitting private documents via the Internet. SSH serves to prevent such vulnerabilities and allows you to access a remote server\'s shell without compromising security. Export Wizard allows you to export data from tables, collections, views, or query results to any available formats. All journeys have secret destinations of which the traveler is unaware. You can select any connections, objects or projects, and then select the corresponding buttons on the Information Pane. A comfort zone is a beautiful place, but nothing ever grows there. Remember that failure is an event, not a person. Navicat is a multi-connections Database Administration tool allowing you to connect to MySQL, Oracle, PostgreSQL, SQLite, SQL Server, MariaDB and/or MongoDB databases, making database administration to multiple kinds of database so easy. All journeys have secret destinations of which the traveler is unaware. The past has no power over the present moment. I may not have gone where I intended to go, but I think I have ended up where I needed to be. Champions keep playing until they get it right. The reason why a great man is great is that he resolves to be a great man. Navicat provides powerful tools for working with queries: Query Editor for editing the query text directly, and Query Builder, Find Builder or Aggregate Builder for building queries visually. You must be the change you wish to see in the world. Instead of wondering when your next vacation is, maybe you should set up a life you don’t need to escape from. Anyone who has never made a mistake has never tried anything new. In the middle of winter I at last discovered that there was in me an invincible summer. To clear or reload various internal caches, flush tables, or acquire locks, control-click your connection in the Navigation pane and select Flush and choose the flush option. You must have the reload privilege to use this feature. Navicat provides powerful tools for working with queries: Query Editor for editing the query text directly, and Query Builder, Find Builder or Aggregate Builder for building queries visually. The Information Pane shows the detailed object information, project activities, the DDL of database objects, object dependencies, membership of users/roles and preview. Navicat Data Modeler enables you to build high-quality conceptual, logical and physical data models for a wide variety of audiences. Navicat Data Modeler enables you to build high-quality conceptual, logical and physical data models for a wide variety of audiences. Navicat Monitor requires a repository to store alerts and metrics for historical analysis. A query is used to extract data from the database in a readable format according to the user\'s request. The reason why a great man is great is that he resolves to be a great man. The first step is as good as half over. Champions keep playing until they get it right. Navicat 15 has added support for the system-wide dark mode. Sometimes you win, sometimes you learn. Import Wizard allows you to import data to tables/collections from CSV, TXT, XML, DBF and more. Optimism is the one quality more associated with success and happiness than any other. To successfully establish a new connection to local/remote server - no matter via SSL, SSH or HTTP, set the database login information in the General tab. Navicat authorizes you to make connection to remote servers running on different platforms (i.e. Windows, macOS, Linux and UNIX), and supports PAM and GSSAPI authentication. Export Wizard allows you to export data from tables, collections, views, or query results to any available formats. In the middle of winter I at last discovered that there was in me an invincible summer. You cannot save people, you can just love them. Such sessions are also susceptible to session hijacking, where a malicious user takes over your session once you have authenticated.', '2011-05-14 03:35:41', '526');
INSERT INTO `remark` VALUES (17, '2', 1, 'In a Telnet session, all communications, including username and password, are transmitted in plain-text, allowing anyone to listen-in on your session and steal passwords and other information. A man is not old until regrets take the place of dreams. Difficult circumstances serve as a textbook of life for people. There is no way to happiness. Happiness is the way. Sometimes you win, sometimes you learn. Navicat provides powerful tools for working with queries: Query Editor for editing the query text directly, and Query Builder, Find Builder or Aggregate Builder for building queries visually. Success consists of going from failure to failure without loss of enthusiasm. If you wait, all that happens is you get older. Navicat Data Modeler is a powerful and cost-effective database design tool which helps you build high-quality conceptual, logical and physical data models. If the Show objects under schema in navigation pane option is checked at the Preferences window, all database objects are also displayed in the pane. Anyone who has ever made anything of importance was disciplined. The Navigation pane employs tree structure which allows you to take action upon the database and their objects through their pop-up menus quickly and easily. You cannot save people, you can just love them. The reason why a great man is great is that he resolves to be a great man. Navicat Cloud provides a cloud service for synchronizing connections, queries, model files and virtual group information from Navicat, other Navicat family members, different machines and different platforms. You can select any connections, objects or projects, and then select the corresponding buttons on the Information Pane. Anyone who has never made a mistake has never tried anything new. Instead of wondering when your next vacation is, maybe you should set up a life you don’t need to escape from. Such sessions are also susceptible to session hijacking, where a malicious user takes over your session once you have authenticated. Navicat Data Modeler is a powerful and cost-effective database design tool which helps you build high-quality conceptual, logical and physical data models. Navicat Data Modeler enables you to build high-quality conceptual, logical and physical data models for a wide variety of audiences. In other words, Navicat provides the ability for data in different databases and/or schemas to be kept up-to-date so that each repository contains the same information. In the middle of winter I at last discovered that there was in me an invincible summer. Export Wizard allows you to export data from tables, collections, views, or query results to any available formats. To clear or reload various internal caches, flush tables, or acquire locks, control-click your connection in the Navigation pane and select Flush and choose the flush option. You must have the reload privilege to use this feature. To clear or reload various internal caches, flush tables, or acquire locks, control-click your connection in the Navigation pane and select Flush and choose the flush option. You must have the reload privilege to use this feature. After logged in the Navicat Cloud feature, the Navigation pane will be divided into Navicat Cloud and My Connections sections. The repository database can be an existing MySQL, MariaDB, PostgreSQL, SQL Server, or Amazon RDS instance. After logged in the Navicat Cloud feature, the Navigation pane will be divided into Navicat Cloud and My Connections sections. SSH serves to prevent such vulnerabilities and allows you to access a remote server\'s shell without compromising security. In other words, Navicat provides the ability for data in different databases and/or schemas to be kept up-to-date so that each repository contains the same information. There is no way to happiness. Happiness is the way. The Synchronize to Database function will give you a full picture of all database differences. Secure SHell (SSH) is a program to log in into another computer over a network, execute commands on a remote server, and move files from one machine to another. Instead of wondering when your next vacation is, maybe you should set up a life you don’t need to escape from. You must be the change you wish to see in the world. After comparing data, the window shows the number of records that will be inserted, updated or deleted in the target. To open a query using an external editor, control-click it and select Open with External Editor. You can set the file path of an external editor in Preferences. All the Navicat Cloud objects are located under different projects. You can share the project to other Navicat Cloud accounts for collaboration. Navicat Cloud could not connect and access your databases. By which it means, it could only store your connection settings, queries, model files, and virtual group; your database passwords and data (e.g. tables, views, etc) will not be stored to Navicat Cloud. Secure SHell (SSH) is a program to log in into another computer over a network, execute commands on a remote server, and move files from one machine to another. After logged in the Navicat Cloud feature, the Navigation pane will be divided into Navicat Cloud and My Connections sections. Navicat authorizes you to make connection to remote servers running on different platforms (i.e. Windows, macOS, Linux and UNIX), and supports PAM and GSSAPI authentication. All the Navicat Cloud objects are located under different projects. You can share the project to other Navicat Cloud accounts for collaboration. Import Wizard allows you to import data to tables/collections from CSV, TXT, XML, DBF and more. Optimism is the one quality more associated with success and happiness than any other. Typically, it is employed as an encrypted version of Telnet. Export Wizard allows you to export data from tables, collections, views, or query results to any available formats. Difficult circumstances serve as a textbook of life for people. I may not have gone where I intended to go, but I think I have ended up where I needed to be. Navicat is a multi-connections Database Administration tool allowing you to connect to MySQL, Oracle, PostgreSQL, SQLite, SQL Server, MariaDB and/or MongoDB databases, making database administration to multiple kinds of database so easy. Instead of wondering when your next vacation is, maybe you should set up a life you don’t need to escape from. I will greet this day with love in my heart. Instead of wondering when your next vacation is, maybe you should set up a life you don’t need to escape from. Anyone who has ever made anything of importance was disciplined. The Information Pane shows the detailed object information, project activities, the DDL of database objects, object dependencies, membership of users/roles and preview. Success consists of going from failure to failure without loss of enthusiasm. You can select any connections, objects or projects, and then select the corresponding buttons on the Information Pane. To successfully establish a new connection to local/remote server - no matter via SSL, SSH or HTTP, set the database login information in the General tab. All the Navicat Cloud objects are located under different projects. You can share the project to other Navicat Cloud accounts for collaboration. Typically, it is employed as an encrypted version of Telnet. If your Internet Service Provider (ISP) does not provide direct access to its server, Secure Tunneling Protocol (SSH) / HTTP is another solution. How we spend our days is, of course, how we spend our lives. Remember that failure is an event, not a person. The Synchronize to Database function will give you a full picture of all database differences. Navicat Monitor is a safe, simple and agentless remote server monitoring tool that is packed with powerful features to make your monitoring effective as possible. Monitored servers include MySQL, MariaDB and SQL Server, and compatible with cloud databases like Amazon RDS, Amazon Aurora, Oracle Cloud, Google Cloud and Microsoft Azure. Navicat Monitor is a safe, simple and agentless remote server monitoring tool that is packed with powerful features to make your monitoring effective as possible. Import Wizard allows you to import data to tables/collections from CSV, TXT, XML, DBF and more. Navicat Cloud provides a cloud service for synchronizing connections, queries, model files and virtual group information from Navicat, other Navicat family members, different machines and different platforms. You cannot save people, you can just love them. To get a secure connection, the first thing you need to do is to install OpenSSL Library and download Database Source. Monitored servers include MySQL, MariaDB and SQL Server, and compatible with cloud databases like Amazon RDS, Amazon Aurora, Oracle Cloud, Google Cloud and Microsoft Azure. Actually it is just in an idea when feel oneself can achieve and cannot achieve. With its well-designed Graphical User Interface(GUI), Navicat lets you quickly and easily create, organize, access and share information in a secure and easy way. Navicat Cloud could not connect and access your databases. By which it means, it could only store your connection settings, queries, model files, and virtual group; your database passwords and data (e.g. tables, views, etc) will not be stored to Navicat Cloud.', '2002-06-27 12:20:07', '430');
INSERT INTO `remark` VALUES (18, '2', 8, 'You will succeed because most people are lazy. I destroy my enemies when I make them my friends. Monitored servers include MySQL, MariaDB and SQL Server, and compatible with cloud databases like Amazon RDS, Amazon Aurora, Oracle Cloud, Google Cloud and Microsoft Azure. Always keep your eyes open. Keep watching. Because whatever you see can inspire you. The Information Pane shows the detailed object information, project activities, the DDL of database objects, object dependencies, membership of users/roles and preview. Navicat Monitor can be installed on any local computer or virtual machine and does not require any software installation on the servers being monitored.', '2022-02-17 10:06:51', '632');
INSERT INTO `remark` VALUES (19, '4', 6, 'Secure SHell (SSH) is a program to log in into another computer over a network, execute commands on a remote server, and move files from one machine to another. SSH serves to prevent such vulnerabilities and allows you to access a remote server\'s shell without compromising security. Navicat provides a wide range advanced features, such as compelling code editing capabilities, smart code-completion, SQL formatting, and more. All the Navicat Cloud objects are located under different projects. You can share the project to other Navicat Cloud accounts for collaboration. Navicat Cloud provides a cloud service for synchronizing connections, queries, model files and virtual group information from Navicat, other Navicat family members, different machines and different platforms. Navicat Data Modeler enables you to build high-quality conceptual, logical and physical data models for a wide variety of audiences. All the Navicat Cloud objects are located under different projects. You can share the project to other Navicat Cloud accounts for collaboration. You cannot save people, you can just love them. Typically, it is employed as an encrypted version of Telnet. Champions keep playing until they get it right. After comparing data, the window shows the number of records that will be inserted, updated or deleted in the target. Remember that failure is an event, not a person. Anyone who has never made a mistake has never tried anything new. The Main Window consists of several toolbars and panes for you to work on connections, database objects and advanced tools. Navicat Monitor requires a repository to store alerts and metrics for historical analysis. In other words, Navicat provides the ability for data in different databases and/or schemas to be kept up-to-date so that each repository contains the same information. To open a query using an external editor, control-click it and select Open with External Editor. You can set the file path of an external editor in Preferences. It is used while your ISPs do not allow direct connections, but allows establishing HTTP connections. I destroy my enemies when I make them my friends. Export Wizard allows you to export data from tables, collections, views, or query results to any available formats. Import Wizard allows you to import data to tables/collections from CSV, TXT, XML, DBF and more. A comfort zone is a beautiful place, but nothing ever grows there. All journeys have secret destinations of which the traveler is unaware. After logged in the Navicat Cloud feature, the Navigation pane will be divided into Navicat Cloud and My Connections sections. I will greet this day with love in my heart. Navicat Monitor is a safe, simple and agentless remote server monitoring tool that is packed with powerful features to make your monitoring effective as possible. A comfort zone is a beautiful place, but nothing ever grows there. All the Navicat Cloud objects are located under different projects. You can share the project to other Navicat Cloud accounts for collaboration. Typically, it is employed as an encrypted version of Telnet. In the middle of winter I at last discovered that there was in me an invincible summer. I may not have gone where I intended to go, but I think I have ended up where I needed to be. Navicat provides a wide range advanced features, such as compelling code editing capabilities, smart code-completion, SQL formatting, and more. SSH serves to prevent such vulnerabilities and allows you to access a remote server\'s shell without compromising security. Import Wizard allows you to import data to tables/collections from CSV, TXT, XML, DBF and more. A comfort zone is a beautiful place, but nothing ever grows there. What you get by achieving your goals is not as important as what you become by achieving your goals. To start working with your server in Navicat, you should first establish a connection or several connections using the Connection window. A man’s best friends are his ten fingers. HTTP Tunneling is a method for connecting to a server that uses the same protocol (http://) and the same port (port 80) as a web server does. The On Startup feature allows you to control what tabs appear when you launch Navicat. It provides strong authentication and secure encrypted communications between two hosts, known as SSH Port Forwarding (Tunneling), over an insecure network. You will succeed because most people are lazy. You can select any connections, objects or projects, and then select the corresponding buttons on the Information Pane. Flexible settings enable you to set up a custom key for comparison and synchronization. Navicat Monitor requires a repository to store alerts and metrics for historical analysis. If opportunity doesn’t knock, build a door. To connect to a database or schema, simply double-click it in the pane. Navicat allows you to transfer data from one database and/or schema to another with detailed analytical process. The Information Pane shows the detailed object information, project activities, the DDL of database objects, object dependencies, membership of users/roles and preview. If your Internet Service Provider (ISP) does not provide direct access to its server, Secure Tunneling Protocol (SSH) / HTTP is another solution. To connect to a database or schema, simply double-click it in the pane. Sometimes you win, sometimes you learn. Navicat is a multi-connections Database Administration tool allowing you to connect to MySQL, Oracle, PostgreSQL, SQLite, SQL Server, MariaDB and/or MongoDB databases, making database administration to multiple kinds of database so easy. Navicat Monitor is a safe, simple and agentless remote server monitoring tool that is packed with powerful features to make your monitoring effective as possible. If your Internet Service Provider (ISP) does not provide direct access to its server, Secure Tunneling Protocol (SSH) / HTTP is another solution. Navicat provides a wide range advanced features, such as compelling code editing capabilities, smart code-completion, SQL formatting, and more. Flexible settings enable you to set up a custom key for comparison and synchronization. HTTP Tunneling is a method for connecting to a server that uses the same protocol (http://) and the same port (port 80) as a web server does. To clear or reload various internal caches, flush tables, or acquire locks, control-click your connection in the Navigation pane and select Flush and choose the flush option. You must have the reload privilege to use this feature.', '2003-03-07 04:03:42', '887');
INSERT INTO `remark` VALUES (20, '2', 5, 'Export Wizard allows you to export data from tables, collections, views, or query results to any available formats. Navicat is a multi-connections Database Administration tool allowing you to connect to MySQL, Oracle, PostgreSQL, SQLite, SQL Server, MariaDB and/or MongoDB databases, making database administration to multiple kinds of database so easy. To successfully establish a new connection to local/remote server - no matter via SSL or SSH, set the database login information in the General tab. I may not have gone where I intended to go, but I think I have ended up where I needed to be. It wasn’t raining when Noah built the ark. If the plan doesn’t work, change the plan, but never the goal. To connect to a database or schema, simply double-click it in the pane. Navicat Monitor is a safe, simple and agentless remote server monitoring tool that is packed with powerful features to make your monitoring effective as possible. It provides strong authentication and secure encrypted communications between two hosts, known as SSH Port Forwarding (Tunneling), over an insecure network. If opportunity doesn’t knock, build a door. Secure SHell (SSH) is a program to log in into another computer over a network, execute commands on a remote server, and move files from one machine to another. In a Telnet session, all communications, including username and password, are transmitted in plain-text, allowing anyone to listen-in on your session and steal passwords and other information. If opportunity doesn’t knock, build a door. After comparing data, the window shows the number of records that will be inserted, updated or deleted in the target. A query is used to extract data from the database in a readable format according to the user\'s request. It collects process metrics such as CPU load, RAM usage, and a variety of other resources over SSH/SNMP. Genius is an infinite capacity for taking pains. A query is used to extract data from the database in a readable format according to the user\'s request. Monitored servers include MySQL, MariaDB and SQL Server, and compatible with cloud databases like Amazon RDS, Amazon Aurora, Oracle Cloud, Google Cloud and Microsoft Azure. To successfully establish a new connection to local/remote server - no matter via SSL or SSH, set the database login information in the General tab. SQL Editor allows you to create and edit SQL text, prepare and execute selected queries. It collects process metrics such as CPU load, RAM usage, and a variety of other resources over SSH/SNMP. It collects process metrics such as CPU load, RAM usage, and a variety of other resources over SSH/SNMP. The Synchronize to Database function will give you a full picture of all database differences. The repository database can be an existing MySQL, MariaDB, PostgreSQL, SQL Server, or Amazon RDS instance. After comparing data, the window shows the number of records that will be inserted, updated or deleted in the target. Champions keep playing until they get it right. The past has no power over the present moment. To successfully establish a new connection to local/remote server - no matter via SSL or SSH, set the database login information in the General tab. You can select any connections, objects or projects, and then select the corresponding buttons on the Information Pane. In the middle of winter I at last discovered that there was in me an invincible summer. The Synchronize to Database function will give you a full picture of all database differences. Genius is an infinite capacity for taking pains. I may not have gone where I intended to go, but I think I have ended up where I needed to be. I will greet this day with love in my heart. HTTP Tunneling is a method for connecting to a server that uses the same protocol (http://) and the same port (port 80) as a web server does. The Information Pane shows the detailed object information, project activities, the DDL of database objects, object dependencies, membership of users/roles and preview. Champions keep playing until they get it right. Navicat Monitor can be installed on any local computer or virtual machine and does not require any software installation on the servers being monitored. It can also manage cloud databases such as Amazon Redshift, Amazon RDS, Alibaba Cloud. Features in Navicat are sophisticated enough to provide professional developers for all their specific needs, yet easy to learn for users who are new to database server. Navicat Monitor requires a repository to store alerts and metrics for historical analysis. Navicat Data Modeler is a powerful and cost-effective database design tool which helps you build high-quality conceptual, logical and physical data models. All journeys have secret destinations of which the traveler is unaware. Navicat Data Modeler is a powerful and cost-effective database design tool which helps you build high-quality conceptual, logical and physical data models. Creativity is intelligence having fun. Navicat allows you to transfer data from one database and/or schema to another with detailed analytical process. Import Wizard allows you to import data to tables/collections from CSV, TXT, XML, DBF and more.', '2010-02-02 05:30:12', '705');
INSERT INTO `remark` VALUES (21, '5', 1, 'Remark Content', '2021-10-01 08:00:00', '1');

-- ----------------------------
-- Table structure for searchhistory
-- ----------------------------
DROP TABLE IF EXISTS `searchhistory`;
CREATE TABLE `searchhistory`  (
  `id` int(11) NOT NULL AUTO_INCREMENT,
  `userid` varchar(255) CHARACTER SET latin1 COLLATE latin1_swedish_ci NULL DEFAULT NULL,
  `keyword` varchar(255) CHARACTER SET latin1 COLLATE latin1_swedish_ci NULL DEFAULT NULL,
  `url` varchar(255) CHARACTER SET latin1 COLLATE latin1_swedish_ci NOT NULL,
  `time` datetime NOT NULL,
  PRIMARY KEY (`id`) USING BTREE,
  INDEX `userid`(`userid`) USING BTREE,
  CONSTRAINT `searchhistory_ibfk_1` FOREIGN KEY (`userid`) REFERENCES `usr` (`id`) ON DELETE RESTRICT ON UPDATE RESTRICT
) ENGINE = InnoDB AUTO_INCREMENT = 1 CHARACTER SET = latin1 COLLATE = latin1_swedish_ci ROW_FORMAT = Dynamic;

-- ----------------------------
-- Records of searchhistory
-- ----------------------------

-- ----------------------------
-- Table structure for star
-- ----------------------------
DROP TABLE IF EXISTS `star`;
CREATE TABLE `star`  (
  `id` int(11) NOT NULL AUTO_INCREMENT,
  `noteid` int(11) NOT NULL,
  `userid` varchar(20) CHARACTER SET latin1 COLLATE latin1_swedish_ci NOT NULL,
  `time` datetime NOT NULL,
  PRIMARY KEY (`id`) USING BTREE,
  INDEX `userid`(`userid`) USING BTREE,
  INDEX `noteid`(`noteid`) USING BTREE,
  CONSTRAINT `star_ibfk_1` FOREIGN KEY (`userid`) REFERENCES `usr` (`id`) ON DELETE RESTRICT ON UPDATE RESTRICT,
  CONSTRAINT `star_ibfk_2` FOREIGN KEY (`noteid`) REFERENCES `note` (`id`) ON DELETE RESTRICT ON UPDATE RESTRICT
) ENGINE = InnoDB AUTO_INCREMENT = 21 CHARACTER SET = latin1 COLLATE = latin1_swedish_ci ROW_FORMAT = Dynamic;

-- ----------------------------
-- Records of star
-- ----------------------------
INSERT INTO `star` VALUES (1, 4, '1', '2006-01-01 05:36:44');
INSERT INTO `star` VALUES (2, 7, '2', '2014-12-17 10:42:00');
INSERT INTO `star` VALUES (3, 1, '3', '2019-04-22 06:04:39');
INSERT INTO `star` VALUES (4, 2, '3', '2006-03-17 23:34:49');
INSERT INTO `star` VALUES (5, 6, '2', '2011-12-14 12:19:48');
INSERT INTO `star` VALUES (6, 6, '2', '2001-08-13 14:30:33');
INSERT INTO `star` VALUES (7, 1, '3', '2023-04-26 18:23:02');
INSERT INTO `star` VALUES (8, 10, '2', '2013-11-01 03:58:24');
INSERT INTO `star` VALUES (9, 10, '4', '2011-04-24 01:18:14');
INSERT INTO `star` VALUES (10, 1, '2', '2007-03-14 07:37:42');
INSERT INTO `star` VALUES (11, 3, '2', '2009-11-23 21:53:00');
INSERT INTO `star` VALUES (12, 5, '5', '2005-05-21 19:18:59');
INSERT INTO `star` VALUES (13, 3, '4', '2012-07-30 07:13:09');
INSERT INTO `star` VALUES (14, 10, '5', '2005-04-18 00:51:23');
INSERT INTO `star` VALUES (15, 2, '1', '2017-08-11 18:48:42');
INSERT INTO `star` VALUES (16, 10, '4', '2020-11-29 00:38:17');
INSERT INTO `star` VALUES (17, 6, '5', '2015-01-01 20:39:28');
INSERT INTO `star` VALUES (18, 10, '1', '2002-08-09 16:42:18');
INSERT INTO `star` VALUES (19, 9, '2', '2008-04-11 01:54:20');
INSERT INTO `star` VALUES (20, 5, '3', '2014-07-04 11:33:16');

-- ----------------------------
-- Table structure for tag
-- ----------------------------
DROP TABLE IF EXISTS `tag`;
CREATE TABLE `tag`  (
  `id` int(11) NOT NULL AUTO_INCREMENT,
  `tagname` varchar(255) CHARACTER SET latin1 COLLATE latin1_swedish_ci NOT NULL,
  `noteid` int(11) NOT NULL,
  `time` datetime NOT NULL,
  PRIMARY KEY (`id`) USING BTREE,
  INDEX `noteid`(`noteid`) USING BTREE,
  CONSTRAINT `tag_ibfk_1` FOREIGN KEY (`noteid`) REFERENCES `note` (`id`) ON DELETE RESTRICT ON UPDATE RESTRICT
) ENGINE = InnoDB AUTO_INCREMENT = 3 CHARACTER SET = latin1 COLLATE = latin1_swedish_ci ROW_FORMAT = Dynamic;

-- ----------------------------
-- Records of tag
-- ----------------------------

-- ----------------------------
-- Table structure for usr
-- ----------------------------
DROP TABLE IF EXISTS `usr`;
CREATE TABLE `usr`  (
  `id` varchar(255) CHARACTER SET latin1 COLLATE latin1_swedish_ci NOT NULL,
  `username` varchar(255) CHARACTER SET latin1 COLLATE latin1_swedish_ci NOT NULL,
  `passw` varchar(255) CHARACTER SET latin1 COLLATE latin1_swedish_ci NOT NULL,
  `notenum` mediumtext CHARACTER SET latin1 COLLATE latin1_swedish_ci NOT NULL,
  `visitnum` mediumtext CHARACTER SET latin1 COLLATE latin1_swedish_ci NOT NULL,
  `role` varchar(255) CHARACTER SET latin1 COLLATE latin1_swedish_ci NOT NULL,
  `time` datetime NOT NULL,
  `photourl` varchar(255) CHARACTER SET latin1 COLLATE latin1_swedish_ci NOT NULL,
  PRIMARY KEY (`id`) USING BTREE
) ENGINE = InnoDB CHARACTER SET = latin1 COLLATE = latin1_swedish_ci ROW_FORMAT = Dynamic;

-- ----------------------------
-- Records of usr
-- ----------------------------
INSERT INTO `usr` VALUES ('1', 'Luo Zitao', '3hiseP2wAY', '203', '809', 'bW9l3y9ZTP', '2015-08-25 17:00:50', 'https://auth.zqian.us/ComputersElectronics');
INSERT INTO `usr` VALUES ('2', 'April Vargas', 'Lg2BoQf0yI', '201', '837', 'gDCc3Cz5pz', '2004-02-22 02:56:48', 'https://image.chingwan5.info/Others');
INSERT INTO `usr` VALUES ('3', 'Nakayama Rin', 'PsP9utsdhd', '841', '703', 'icLVbHKA1k', '2001-01-10 05:08:56', 'http://drive.renaono.jp/CollectiblesFineArt');
INSERT INTO `usr` VALUES ('4', 'Joseph Weaver', '87x3hDCCAy', '171', '938', 'FcqUVp2gNp', '2008-07-10 06:52:46', 'https://www.com.net/IndustrialScientificSupplies');
INSERT INTO `usr` VALUES ('5', 'Hui Ka Man', '8kbdCpVIK5', '180', '732', 'qGxYuvgho0', '2021-04-20 12:32:29', 'https://video.leslie326.org/BaggageTravelEquipment');

SET FOREIGN_KEY_CHECKS = 1;
